date;code;sick;healed;died
2021-03-31;MOW;1026740;944738;16656
2021-03-30;MOW;1025454;943201;16603
2021-03-29;MOW;1024163;942036;16547
2021-03-28;MOW;1022551;941192;16498
2021-03-27;MOW;1020673;940041;16446
2021-03-26;MOW;1019122;938673;16392
2021-03-25;MOW;1017309;937122;16337
2021-03-24;MOW;1015522;935400;16288
2021-03-23;MOW;1014091;933807;16235
2021-03-22;MOW;1013049;932428;16184
2021-03-21;MOW;1011463;931296;16128
2021-03-20;MOW;1009952;929925;16078
2021-03-19;MOW;1008224;928156;16024
2021-03-18;MOW;1006415;926254;15973
2021-03-17;MOW;1004481;924494;15925
2021-03-16;MOW;1003280;922899;15872
2021-03-15;MOW;1001747;921424;15815
2021-03-14;MOW;1000394;920388;15764
2021-03-13;MOW;998489;919278;15709
2021-03-12;MOW;996889;917809;15657
2021-03-11;MOW;995279;916204;15601
2021-03-10;MOW;993998;914626;15547
2021-03-09;MOW;992882;913173;15496
2021-03-08;MOW;991816;912146;15447
2021-03-07;MOW;990395;911109;15394
2021-03-06;MOW;988861;909692;15347
2021-03-05;MOW;987041;907770;15297
2021-03-04;MOW;985284;905521;15243
2021-03-03;MOW;983134;903100;15192
2021-03-02;MOW;981850;901035;15146
2021-03-01;MOW;980573;899239;15097
2021-03-31;SPE;394631;347480;12270
2021-03-30;SPE;393916;346502;12233
2021-03-29;SPE;393197;345441;12197
2021-03-28;SPE;392500;344728;12167
2021-03-27;SPE;391799;343948;12134
2021-03-26;SPE;391050;342756;12102
2021-03-25;SPE;390268;341141;12066
2021-03-24;SPE;389464;339868;12029
2021-03-23;SPE;388657;339163;11994
2021-03-22;SPE;387845;337800;11952
2021-03-21;SPE;386980;337555;11917
2021-03-20;SPE;386099;337264;11880
2021-03-19;SPE;385200;336191;11844
2021-03-18;SPE;384279;334164;11806
2021-03-17;SPE;383361;332123;11773
2021-03-16;SPE;382434;331126;11743
2021-03-15;SPE;381518;329952;11701
2021-03-14;SPE;380585;329268;11656
2021-03-13;SPE;379648;328427;11619
2021-03-12;SPE;378705;326101;11573
2021-03-11;SPE;377748;323240;11527
2021-03-10;SPE;376787;320435;11487
2021-03-09;SPE;375828;317686;11435
2021-03-08;SPE;374887;316314;11393
2021-03-07;SPE;373931;314903;11350
2021-03-06;SPE;372963;313501;11313
2021-03-05;SPE;371988;310751;11274
2021-03-04;SPE;371005;308160;11248
2021-03-03;SPE;370019;305551;11200
2021-03-02;SPE;369057;302916;11161
2021-03-01;SPE;368120;300257;11112
2021-03-31;MOS;232261;190628;5441
2021-03-30;MOS;231677;190173;5428
2021-03-29;MOS;231121;189684;5414
2021-03-28;MOS;230526;189259;5403
2021-03-27;MOS;229916;188849;5392
2021-03-26;MOS;229330;188368;5375
2021-03-25;MOS;228771;187891;5357
2021-03-24;MOS;228231;187386;5320
2021-03-23;MOS;227696;186884;5296
2021-03-22;MOS;227183;186283;5280
2021-03-21;MOS;226537;185744;5259
2021-03-20;MOS;225889;185173;5233
2021-03-19;MOS;225238;184628;5210
2021-03-18;MOS;224633;184058;5185
2021-03-17;MOS;224096;183489;5158
2021-03-16;MOS;223660;182984;5129
2021-03-15;MOS;223095;182485;5099
2021-03-14;MOS;222468;182035;5067
2021-03-13;MOS;221863;181624;5046
2021-03-12;MOS;221254;181195;5016
2021-03-11;MOS;220778;180752;4991
2021-03-10;MOS;220420;180332;4963
2021-03-09;MOS;220129;179710;4932
2021-03-08;MOS;219606;179118;4901
2021-03-07;MOS;218860;178563;4872
2021-03-06;MOS;218087;178016;4844
2021-03-05;MOS;217341;177414;4809
2021-03-04;MOS;216591;176894;4777
2021-03-03;MOS;215898;176307;4748
2021-03-02;MOS;215207;175711;4715
2021-03-01;MOS;214590;175136;4681
2021-03-31;NIZ;107452;101555;2847
2021-03-30;NIZ;107169;101205;2833
2021-03-29;NIZ;106892;100852;2824
2021-03-28;NIZ;106601;100481;2813
2021-03-27;NIZ;106315;100104;2801
2021-03-26;NIZ;105987;99723;2792
2021-03-25;NIZ;105661;99343;2782
2021-03-24;NIZ;105330;98962;2771
2021-03-23;NIZ;105002;98578;2758
2021-03-22;NIZ;104667;98189;2746
2021-03-21;NIZ;104328;97791;2732
2021-03-20;NIZ;103982;97412;2717
2021-03-19;NIZ;103630;97015;2706
2021-03-18;NIZ;103282;96575;2693
2021-03-17;NIZ;102933;96176;2678
2021-03-16;NIZ;102581;95774;2663
2021-03-15;NIZ;102233;95365;2650
2021-03-14;NIZ;101880;94958;2639
2021-03-13;NIZ;101515;94543;2626
2021-03-12;NIZ;101148;94124;2613
2021-03-11;NIZ;100773;93704;2598
2021-03-10;NIZ;100397;93282;2583
2021-03-09;NIZ;100019;92857;2573
2021-03-08;NIZ;99646;92430;2562
2021-03-07;NIZ;99264;91983;2551
2021-03-06;NIZ;98881;91528;2538
2021-03-05;NIZ;98495;91098;2522
2021-03-04;NIZ;98111;90654;2507
2021-03-03;NIZ;97726;90126;2497
2021-03-02;NIZ;97338;89688;2485
2021-03-01;NIZ;96955;89263;2473
2021-03-31;SVE;82516;75855;2735
2021-03-30;SVE;82387;75711;2726
2021-03-29;SVE;82251;75563;2715
2021-03-28;SVE;82108;75407;2706
2021-03-27;SVE;81969;75257;2696
2021-03-26;SVE;81827;75102;2684
2021-03-25;SVE;81694;74956;2673
2021-03-24;SVE;81557;74807;2663
2021-03-23;SVE;81417;74657;2650
2021-03-22;SVE;81270;74499;2638
2021-03-21;SVE;81118;74334;2624
2021-03-20;SVE;80961;74165;2612
2021-03-19;SVE;80800;73992;2599
2021-03-18;SVE;80648;73828;2584
2021-03-17;SVE;80482;73651;2567
2021-03-16;SVE;80313;73471;2553
2021-03-15;SVE;80153;73298;2541
2021-03-14;SVE;79982;73116;2532
2021-03-13;SVE;79818;72941;2522
2021-03-12;SVE;79658;72771;2510
2021-03-11;SVE;79506;72599;2497
2021-03-10;SVE;79347;72429;2487
2021-03-09;SVE;79197;72267;2475
2021-03-08;SVE;79041;72101;2466
2021-03-07;SVE;78865;71912;2456
2021-03-06;SVE;78691;71726;2445
2021-03-05;SVE;78514;71536;2433
2021-03-04;SVE;78346;71356;2422
2021-03-03;SVE;78181;71181;2409
2021-03-02;SVE;78022;71009;2397
2021-03-01;SVE;77869;70845;2387
2021-03-31;ROS;80836;72661;3577
2021-03-30;ROS;80597;72398;3553
2021-03-29;ROS;80357;72127;3533
2021-03-28;ROS;80115;71867;3521
2021-03-27;ROS;79872;71606;3508
2021-03-26;ROS;79628;71332;3484
2021-03-25;ROS;79386;71061;3464
2021-03-24;ROS;79149;70794;3447
2021-03-23;ROS;78911;70522;3425
2021-03-22;ROS;78672;70254;3414
2021-03-21;ROS;78432;69991;3400
2021-03-20;ROS;78189;69742;3390
2021-03-19;ROS;77948;69457;3369
2021-03-18;ROS;77706;69187;3357
2021-03-17;ROS;77466;68913;3329
2021-03-16;ROS;77225;68564;3320
2021-03-15;ROS;76979;68218;3315
2021-03-14;ROS;76731;67868;3308
2021-03-13;ROS;76486;67516;3307
2021-03-12;ROS;76240;67168;3282
2021-03-11;ROS;75997;66819;3260
2021-03-10;ROS;75748;66478;3242
2021-03-09;ROS;75490;66189;3229
2021-03-08;ROS;75228;65916;3227
2021-03-07;ROS;74960;65621;3220
2021-03-06;ROS;74688;65324;3218
2021-03-05;ROS;74418;65018;3198
2021-03-04;ROS;74145;64704;3180
2021-03-03;ROS;73874;64393;3158
2021-03-02;ROS;73597;64091;3129
2021-03-01;ROS;73315;63772;3115
2021-03-31;KYA;66784;61816;3162
2021-03-30;KYA;66662;61699;3152
2021-03-29;KYA;66539;61583;3141
2021-03-28;KYA;66414;61469;3131
2021-03-27;KYA;66290;61354;3120
2021-03-26;KYA;66165;61238;3107
2021-03-25;KYA;66038;61120;3095
2021-03-24;KYA;65910;61003;3082
2021-03-23;KYA;65784;60889;3072
2021-03-22;KYA;65656;60774;3061
2021-03-21;KYA;65530;60658;3051
2021-03-20;KYA;65403;60541;3039
2021-03-19;KYA;65273;60423;3029
2021-03-18;KYA;65144;60302;3017
2021-03-17;KYA;65013;60183;3006
2021-03-16;KYA;64881;60063;2994
2021-03-15;KYA;64747;59942;2984
2021-03-14;KYA;64614;59807;2972
2021-03-13;KYA;64479;59676;2960
2021-03-12;KYA;64342;59535;2949
2021-03-11;KYA;64203;59400;2937
2021-03-10;KYA;64065;59269;2924
2021-03-09;KYA;63925;59139;2910
2021-03-08;KYA;63784;59000;2899
2021-03-07;KYA;63640;58860;2887
2021-03-06;KYA;63493;58724;2873
2021-03-05;KYA;63343;58585;2860
2021-03-04;KYA;63192;58441;2848
2021-03-03;KYA;63038;58298;2833
2021-03-02;KYA;62882;58150;2820
2021-03-01;KYA;62723;58000;2808
2021-03-31;VOR;75155;69769;2401
2021-03-30;VOR;74951;69565;2389
2021-03-29;VOR;74744;69364;2375
2021-03-28;VOR;74539;69185;2375
2021-03-27;VOR;74330;68971;2370
2021-03-26;VOR;74118;68744;2359
2021-03-25;VOR;73909;68514;2340
2021-03-24;VOR;73698;68288;2324
2021-03-23;VOR;73490;68057;2317
2021-03-22;VOR;73281;67817;2302
2021-03-21;VOR;73077;67579;2282
2021-03-20;VOR;72872;67337;2261
2021-03-19;VOR;72665;67091;2239
2021-03-18;VOR;72459;66850;2216
2021-03-17;VOR;72248;66605;2194
2021-03-16;VOR;72033;66363;2170
2021-03-15;VOR;71814;66126;2151
2021-03-14;VOR;71588;65897;2130
2021-03-13;VOR;71356;65644;2108
2021-03-12;VOR;71115;65375;2084
2021-03-11;VOR;70872;65104;2062
2021-03-10;VOR;70625;64827;2042
2021-03-09;VOR;70371;64554;2028
2021-03-08;VOR;70111;64265;2015
2021-03-07;VOR;69845;63980;2002
2021-03-06;VOR;69574;63678;1989
2021-03-05;VOR;69299;63335;1971
2021-03-04;VOR;69020;62995;1953
2021-03-03;VOR;68737;62663;1936
2021-03-02;VOR;68451;62342;1920
2021-03-01;VOR;68160;62037;1906
2021-03-31;ARK;59687;55265;825
2021-03-30;ARK;59607;55176;824
2021-03-29;ARK;59526;55090;821
2021-03-28;ARK;59447;55007;819
2021-03-27;ARK;59365;54894;816
2021-03-26;ARK;59285;54778;813
2021-03-25;ARK;59205;54660;810
2021-03-24;ARK;59124;54546;805
2021-03-23;ARK;59041;54436;801
2021-03-22;ARK;58957;54324;796
2021-03-21;ARK;58872;54214;789
2021-03-20;ARK;58785;54099;782
2021-03-19;ARK;58697;53979;777
2021-03-18;ARK;58607;53866;771
2021-03-17;ARK;58516;53836;766
2021-03-16;ARK;58422;53703;759
2021-03-15;ARK;58329;53570;753
2021-03-14;ARK;58235;53448;748
2021-03-13;ARK;58140;53317;743
2021-03-12;ARK;58043;53153;738
2021-03-11;ARK;57945;52990;723
2021-03-10;ARK;57840;52829;718
2021-03-09;ARK;57726;52654;708
2021-03-08;ARK;57611;52459;703
2021-03-07;ARK;57493;52258;698
2021-03-06;ARK;57376;52034;693
2021-03-05;ARK;57258;51804;693
2021-03-04;ARK;57138;51575;677
2021-03-03;ARK;57017;51357;662
2021-03-02;ARK;56900;51159;662
2021-03-01;ARK;56781;50984;645
2021-03-31;KHM;54175;52662;782
2021-03-30;KHM;54104;52583;781
2021-03-29;KHM;54029;52503;781
2021-03-28;KHM;53956;52437;781
2021-03-27;KHM;53880;52370;781
2021-03-26;KHM;53801;52285;781
2021-03-25;KHM;53720;52197;780
2021-03-24;KHM;53638;52109;780
2021-03-23;KHM;53556;52016;780
2021-03-22;KHM;53478;51936;779
2021-03-21;KHM;53401;51851;777
2021-03-20;KHM;53322;51764;776
2021-03-19;KHM;53240;51652;776
2021-03-18;KHM;53159;51531;776
2021-03-17;KHM;53074;51388;775
2021-03-16;KHM;52987;51284;774
2021-03-15;KHM;52903;51166;774
2021-03-14;KHM;52823;51066;772
2021-03-13;KHM;52738;50965;771
2021-03-12;KHM;52650;50832;767
2021-03-11;KHM;52559;50712;765
2021-03-10;KHM;52466;50530;762
2021-03-09;KHM;52376;50403;760
2021-03-08;KHM;52284;50318;760
2021-03-07;KHM;52187;50225;759
2021-03-06;KHM;52086;50127;758
2021-03-05;KHM;51982;50022;756
2021-03-04;KHM;51875;49879;756
2021-03-03;KHM;51772;49695;754
2021-03-02;KHM;51673;49584;752
2021-03-01;KHM;51569;49444;748
2021-03-31;IRK;61581;58655;2010
2021-03-30;IRK;61413;58468;2002
2021-03-29;IRK;61247;58279;1994
2021-03-28;IRK;61078;58198;1987
2021-03-27;IRK;60904;57999;1979
2021-03-26;IRK;60735;57798;1971
2021-03-25;IRK;60562;57605;1964
2021-03-24;IRK;60384;57424;1955
2021-03-23;IRK;60209;57260;1952
2021-03-22;IRK;60029;57129;1944
2021-03-21;IRK;59847;57088;1937
2021-03-20;IRK;59662;56932;1929
2021-03-19;IRK;59478;56768;1922
2021-03-18;IRK;59297;56636;1914
2021-03-17;IRK;59111;56524;1906
2021-03-16;IRK;58923;56426;1899
2021-03-15;IRK;58733;56369;1891
2021-03-14;IRK;58540;56340;1883
2021-03-13;IRK;58345;56243;1876
2021-03-12;IRK;58146;55941;1868
2021-03-11;IRK;57950;55660;1861
2021-03-10;IRK;57752;55362;1854
2021-03-09;IRK;57550;55006;1846
2021-03-08;IRK;57346;54778;1839
2021-03-07;IRK;57139;54490;1832
2021-03-06;IRK;56938;54186;1826
2021-03-05;IRK;56733;53857;1819
2021-03-04;IRK;56530;53495;1813
2021-03-03;IRK;56325;53180;1806
2021-03-02;IRK;56115;52916;1798
2021-03-01;IRK;55891;52603;1790
2021-03-31;ULY;50824;47488;969
2021-03-30;ULY;50726;47385;963
2021-03-29;ULY;50625;47284;959
2021-03-28;ULY;50523;47186;959
2021-03-27;ULY;50423;47068;951
2021-03-26;ULY;50321;46952;943
2021-03-25;ULY;50222;46842;935
2021-03-24;ULY;50122;46736;933
2021-03-23;ULY;50023;46635;928
2021-03-22;ULY;49923;46531;922
2021-03-21;ULY;49821;46430;922
2021-03-20;ULY;49718;46324;922
2021-03-19;ULY;49618;46214;922
2021-03-18;ULY;49519;46110;914
2021-03-17;ULY;49417;46011;906
2021-03-16;ULY;49317;45908;898
2021-03-15;ULY;49216;45810;890
2021-03-14;ULY;49114;45722;890
2021-03-13;ULY;49010;45621;882
2021-03-12;ULY;48908;45504;877
2021-03-11;ULY;48807;45391;866
2021-03-10;ULY;48704;45280;866
2021-03-09;ULY;48600;45171;857
2021-03-08;ULY;48498;45059;857
2021-03-07;ULY;48395;44951;849
2021-03-06;ULY;48290;44840;849
2021-03-05;ULY;48189;44723;846
2021-03-04;ULY;48089;44608;838
2021-03-03;ULY;47986;44496;830
2021-03-02;ULY;47885;44387;822
2021-03-01;ULY;47786;44284;814
2021-03-31;MUR;49068;46965;1080
2021-03-30;MUR;48996;46940;1076
2021-03-29;MUR;48923;46917;1073
2021-03-28;MUR;48849;46902;1070
2021-03-27;MUR;48773;46870;1067
2021-03-26;MUR;48698;46836;1063
2021-03-25;MUR;48624;46801;1059
2021-03-24;MUR;48548;46769;1055
2021-03-23;MUR;48473;46741;1052
2021-03-22;MUR;48399;46722;1048
2021-03-21;MUR;48324;46706;1045
2021-03-20;MUR;48248;46672;1042
2021-03-19;MUR;48174;46645;1039
2021-03-18;MUR;48099;46614;1034
2021-03-17;MUR;48023;46589;1030
2021-03-16;MUR;47948;46566;1025
2021-03-15;MUR;47874;46546;1020
2021-03-14;MUR;47801;46514;1016
2021-03-13;MUR;47726;46475;1012
2021-03-12;MUR;47654;46433;1005
2021-03-11;MUR;47584;46377;999
2021-03-10;MUR;47513;46312;993
2021-03-09;MUR;47440;46260;988
2021-03-08;MUR;47365;46210;985
2021-03-07;MUR;47291;46132;982
2021-03-06;MUR;47218;46022;977
2021-03-05;MUR;47143;45872;971
2021-03-04;MUR;47073;45691;964
2021-03-03;MUR;47004;45525;957
2021-03-02;MUR;46929;45372;951
2021-03-01;MUR;46846;45221;946
2021-03-31;VGG;53623;51314;955
2021-03-30;VGG;53512;51205;950
2021-03-29;VGG;53398;51092;945
2021-03-28;VGG;53281;50982;940
2021-03-27;VGG;53159;50868;935
2021-03-26;VGG;53040;50752;930
2021-03-25;VGG;52920;50642;924
2021-03-24;VGG;52799;50518;918
2021-03-23;VGG;52675;50395;913
2021-03-22;VGG;52549;50273;907
2021-03-21;VGG;52420;50153;902
2021-03-20;VGG;52287;50028;896
2021-03-19;VGG;52156;49900;891
2021-03-18;VGG;52029;49777;885
2021-03-17;VGG;51897;49648;881
2021-03-16;VGG;51769;49523;875
2021-03-15;VGG;51638;49396;869
2021-03-14;VGG;51505;49272;862
2021-03-13;VGG;51371;49144;858
2021-03-12;VGG;51234;49013;851
2021-03-11;VGG;51099;48883;844
2021-03-10;VGG;50961;48750;837
2021-03-09;VGG;50820;48603;831
2021-03-08;VGG;50675;48477;826
2021-03-07;VGG;50527;48338;819
2021-03-06;VGG;50375;48194;813
2021-03-05;VGG;50219;48042;806
2021-03-04;VGG;50065;47892;800
2021-03-03;VGG;49904;47737;793
2021-03-02;VGG;49735;47572;787
2021-03-01;VGG;49558;47391;780
2021-03-31;SAR;54784;49483;815
2021-03-30;SAR;54632;49325;809
2021-03-29;SAR;54478;49164;803
2021-03-28;SAR;54322;49001;798
2021-03-27;SAR;54168;48836;793
2021-03-26;SAR;54011;48661;787
2021-03-25;SAR;53853;48522;781
2021-03-24;SAR;53692;48363;775
2021-03-23;SAR;53533;48205;769
2021-03-22;SAR;53371;48093;764
2021-03-21;SAR;53207;47968;757
2021-03-20;SAR;53042;47825;751
2021-03-19;SAR;52875;47660;746
2021-03-18;SAR;52704;47482;742
2021-03-17;SAR;52536;47317;735
2021-03-16;SAR;52370;47149;729
2021-03-15;SAR;52205;46979;725
2021-03-14;SAR;52039;46845;720
2021-03-13;SAR;51870;46684;714
2021-03-12;SAR;51698;46521;707
2021-03-11;SAR;51527;46369;700
2021-03-10;SAR;51354;46224;695
2021-03-09;SAR;51182;46103;687
2021-03-08;SAR;51007;45972;680
2021-03-07;SAR;50828;45821;674
2021-03-06;SAR;50645;45667;668
2021-03-05;SAR;50459;45499;663
2021-03-04;SAR;50270;45361;659
2021-03-03;SAR;50083;45197;654
2021-03-02;SAR;49895;45040;649
2021-03-01;SAR;49705;44877;644
2021-03-31;STA;50442;47472;1227
2021-03-30;STA;50364;47351;1223
2021-03-29;STA;50295;47203;1219
2021-03-28;STA;50242;47146;1217
2021-03-27;STA;50143;47057;1213
2021-03-26;STA;50029;46921;1210
2021-03-25;STA;49894;46773;1206
2021-03-24;STA;49787;46660;1203
2021-03-23;STA;49667;46551;1198
2021-03-22;STA;49586;46295;1193
2021-03-21;STA;49475;46254;1189
2021-03-20;STA;49360;46170;1185
2021-03-19;STA;49234;45993;1180
2021-03-18;STA;49112;45850;1175
2021-03-17;STA;48987;45644;1170
2021-03-16;STA;48870;45476;1165
2021-03-15;STA;48807;45322;1159
2021-03-14;STA;48709;45263;1154
2021-03-13;STA;48597;45156;1148
2021-03-12;STA;48471;45023;1142
2021-03-11;STA;48358;44899;1138
2021-03-10;STA;48289;44734;1132
2021-03-09;STA;48232;44441;1126
2021-03-08;STA;48170;44424;1122
2021-03-07;STA;48104;44360;1117
2021-03-06;STA;47984;44261;1112
2021-03-05;STA;47849;44077;1106
2021-03-04;STA;47695;43810;1100
2021-03-03;STA;47575;43619;1095
2021-03-02;STA;47482;43434;1089
2021-03-01;STA;47388;43225;1083
2021-03-31;KHA;50641;48230;346
2021-03-30;KHA;50598;48172;344
2021-03-29;KHA;50552;48116;342
2021-03-28;KHA;50502;48085;340
2021-03-27;KHA;50451;48021;339
2021-03-26;KHA;50396;47953;339
2021-03-25;KHA;50334;47884;339
2021-03-24;KHA;50269;47812;337
2021-03-23;KHA;50208;47745;335
2021-03-22;KHA;50149;47682;332
2021-03-21;KHA;50094;47622;329
2021-03-20;KHA;50042;47566;327
2021-03-19;KHA;49984;47502;325
2021-03-18;KHA;49924;47436;322
2021-03-17;KHA;49867;47374;319
2021-03-16;KHA;49813;47309;317
2021-03-15;KHA;49757;47242;314
2021-03-14;KHA;49706;47176;312
2021-03-13;KHA;49656;47111;310
2021-03-12;KHA;49602;47041;308
2021-03-11;KHA;49543;46972;306
2021-03-10;KHA;49486;46904;304
2021-03-09;KHA;49434;46837;302
2021-03-08;KHA;49381;46763;300
2021-03-07;KHA;49330;46691;298
2021-03-06;KHA;49276;46615;296
2021-03-05;KHA;49220;46536;294
2021-03-04;KHA;49170;46446;292
2021-03-03;KHA;49118;46345;290
2021-03-02;KHA;49059;46234;288
2021-03-01;KHA;48997;46118;286
2021-03-31;CHE;55396;50488;1222
2021-03-30;CHE;55265;50293;1213
2021-03-29;CHE;55132;50123;1205
2021-03-28;CHE;54998;49924;1200
2021-03-27;CHE;54863;49746;1193
2021-03-26;CHE;54727;49585;1189
2021-03-25;CHE;54592;49421;1184
2021-03-24;CHE;54456;49234;1177
2021-03-23;CHE;54319;49023;1169
2021-03-22;CHE;54181;48790;1161
2021-03-21;CHE;54042;48541;1154
2021-03-20;CHE;53902;48287;1148
2021-03-19;CHE;53761;48046;1141
2021-03-18;CHE;53623;47811;1132
2021-03-17;CHE;53487;47596;1125
2021-03-16;CHE;53350;47399;1117
2021-03-15;CHE;53210;47221;1108
2021-03-14;CHE;53072;47069;1098
2021-03-13;CHE;52933;46916;1091
2021-03-12;CHE;52792;46761;1083
2021-03-11;CHE;52650;46605;1074
2021-03-10;CHE;52505;46447;1067
2021-03-09;CHE;52356;46287;1059
2021-03-08;CHE;52204;46125;1053
2021-03-07;CHE;52051;45956;1048
2021-03-06;CHE;51895;45785;1041
2021-03-05;CHE;51736;45611;1035
2021-03-04;CHE;51571;45435;1027
2021-03-03;CHE;51400;45256;1020
2021-03-02;CHE;51220;45074;1014
2021-03-01;CHE;51028;44886;1009
2021-03-31;ALT;47137;42198;1832
2021-03-30;ALT;47039;42079;1812
2021-03-29;ALT;46938;41946;1795
2021-03-28;ALT;46835;41875;1786
2021-03-27;ALT;46729;41790;1774
2021-03-26;ALT;46620;41670;1760
2021-03-25;ALT;46510;41576;1753
2021-03-24;ALT;46403;41464;1745
2021-03-23;ALT;46295;41356;1733
2021-03-22;ALT;46188;41231;1726
2021-03-21;ALT;46079;41166;1714
2021-03-20;ALT;45968;41065;1705
2021-03-19;ALT;45855;40981;1694
2021-03-18;ALT;45743;40869;1685
2021-03-17;ALT;45629;40734;1676
2021-03-16;ALT;45512;40617;1664
2021-03-15;ALT;45397;40499;1649
2021-03-14;ALT;45282;40437;1633
2021-03-13;ALT;45165;40373;1618
2021-03-12;ALT;45045;40334;1604
2021-03-11;ALT;44926;40269;1589
2021-03-10;ALT;44805;40144;1573
2021-03-09;ALT;44681;40040;1563
2021-03-08;ALT;44559;40003;1563
2021-03-07;ALT;44436;39933;1563
2021-03-06;ALT;44310;39865;1563
2021-03-05;ALT;44183;39757;1553
2021-03-04;ALT;44054;39635;1543
2021-03-03;ALT;43926;39257;1532
2021-03-02;ALT;43797;39102;1522
2021-03-01;ALT;43666;38979;1511
2021-03-31;YAN;37991;36554;407
2021-03-30;YAN;37969;36525;407
2021-03-29;YAN;37946;36490;407
2021-03-28;YAN;37922;36463;407
2021-03-27;YAN;37899;36438;407
2021-03-26;YAN;37875;36397;406
2021-03-25;YAN;37850;36358;406
2021-03-24;YAN;37826;36323;406
2021-03-23;YAN;37801;36292;406
2021-03-22;YAN;37775;36257;405
2021-03-21;YAN;37751;36218;405
2021-03-20;YAN;37726;36187;404
2021-03-19;YAN;37702;36150;404
2021-03-18;YAN;37677;36118;404
2021-03-17;YAN;37651;36070;404
2021-03-16;YAN;37624;36021;404
2021-03-15;YAN;37598;35963;404
2021-03-14;YAN;37571;35912;404
2021-03-13;YAN;37543;35859;403
2021-03-12;YAN;37514;35792;403
2021-03-11;YAN;37487;35743;403
2021-03-10;YAN;37457;35696;403
2021-03-09;YAN;37426;35645;403
2021-03-08;YAN;37392;35596;403
2021-03-07;YAN;37356;35545;403
2021-03-06;YAN;37321;35488;403
2021-03-05;YAN;37285;35424;403
2021-03-04;YAN;37251;35363;402
2021-03-03;YAN;37215;35292;401
2021-03-02;YAN;37178;35238;400
2021-03-01;YAN;37142;35178;399
2021-03-31;SAM;55731;52443;1098
2021-03-30;SAM;55534;52249;1088
2021-03-29;SAM;55336;52053;1078
2021-03-28;SAM;55136;51869;1071
2021-03-27;SAM;54937;51662;1065
2021-03-26;SAM;54736;51441;1055
2021-03-25;SAM;54538;51224;1045
2021-03-24;SAM;54338;51011;1033
2021-03-23;SAM;54139;50794;1027
2021-03-22;SAM;53939;50569;1016
2021-03-21;SAM;53736;50327;1016
2021-03-20;SAM;53531;50082;1016
2021-03-19;SAM;53320;49832;1016
2021-03-18;SAM;53106;49585;1007
2021-03-17;SAM;52887;49347;1003
2021-03-16;SAM;52664;49105;997
2021-03-15;SAM;52437;48866;987
2021-03-14;SAM;52202;48638;985
2021-03-13;SAM;51962;48389;982
2021-03-12;SAM;51716;48126;972
2021-03-11;SAM;51464;47866;958
2021-03-10;SAM;51214;47601;952
2021-03-09;SAM;50960;47331;937
2021-03-08;SAM;50700;47037;937
2021-03-07;SAM;50437;46754;935
2021-03-06;SAM;50169;46466;935
2021-03-05;SAM;49899;46174;934
2021-03-04;SAM;49626;45873;928
2021-03-03;SAM;49355;45576;915
2021-03-02;SAM;49082;45284;912
2021-03-01;SAM;48807;45001;911
2021-03-31;OMS;43776;40523;1316
2021-03-30;OMS;43683;40427;1313
2021-03-29;OMS;43584;40333;1309
2021-03-28;OMS;43482;40249;1307
2021-03-27;OMS;43395;40148;1304
2021-03-26;OMS;43318;40044;1299
2021-03-25;OMS;43262;39933;1293
2021-03-24;OMS;43169;39827;1293
2021-03-23;OMS;43060;39731;1289
2021-03-22;OMS;42963;39639;1284
2021-03-21;OMS;42868;39558;1284
2021-03-20;OMS;42772;39473;1284
2021-03-19;OMS;42673;39385;1284
2021-03-18;OMS;42569;39301;1280
2021-03-17;OMS;42467;39223;1277
2021-03-16;OMS;42362;39142;1274
2021-03-15;OMS;42278;39065;1270
2021-03-14;OMS;42193;38993;1267
2021-03-13;OMS;42106;38912;1263
2021-03-12;OMS;42017;38821;1258
2021-03-11;OMS;41935;38732;1255
2021-03-10;OMS;41855;38638;1251
2021-03-09;OMS;41785;38546;1246
2021-03-08;OMS;41701;38428;1243
2021-03-07;OMS;41613;38317;1239
2021-03-06;OMS;41519;38202;1236
2021-03-05;OMS;41422;38083;1232
2021-03-04;OMS;41331;37960;1227
2021-03-03;OMS;41244;37839;1225
2021-03-02;OMS;41143;37720;1223
2021-03-01;OMS;41044;37605;1222
2021-03-31;KO;41616;40420;805
2021-03-30;KO;41546;40358;803
2021-03-29;KO;41482;40296;801
2021-03-28;KO;41417;40240;799
2021-03-27;KO;41350;40181;797
2021-03-26;KO;41287;40121;795
2021-03-25;KO;41223;40054;793
2021-03-24;KO;41153;39989;791
2021-03-23;KO;41085;39924;789
2021-03-22;KO;41018;39860;787
2021-03-21;KO;40953;39798;785
2021-03-20;KO;40886;39735;783
2021-03-19;KO;40815;39670;781
2021-03-18;KO;40745;39606;779
2021-03-17;KO;40677;39544;777
2021-03-16;KO;40610;39480;775
2021-03-15;KO;40544;39418;773
2021-03-14;KO;40480;39358;771
2021-03-13;KO;40417;39290;769
2021-03-12;KO;40352;39220;767
2021-03-11;KO;40285;39148;764
2021-03-10;KO;40215;39072;762
2021-03-09;KO;40140;38995;761
2021-03-08;KO;40067;38916;760
2021-03-07;KO;39990;38838;759
2021-03-06;KO;39914;38759;759
2021-03-05;KO;39837;38682;758
2021-03-04;KO;39758;38604;756
2021-03-03;KO;39676;38523;755
2021-03-02;KO;39596;38442;753
2021-03-01;KO;39515;38363;753
2021-03-31;PER;51249;45575;1956
2021-03-30;PER;51131;45385;1949
2021-03-29;PER;51013;45188;1941
2021-03-28;PER;50893;45061;1932
2021-03-27;PER;50774;44931;1930
2021-03-26;PER;50653;44768;1918
2021-03-25;PER;50533;44625;1910
2021-03-24;PER;50412;44490;1908
2021-03-23;PER;50286;44342;1904
2021-03-22;PER;50161;44179;1896
2021-03-21;PER;50035;44081;1890
2021-03-20;PER;49906;43930;1881
2021-03-19;PER;49775;43633;1869
2021-03-18;PER;49643;43388;1858
2021-03-17;PER;49509;43100;1849
2021-03-16;PER;49373;42807;1840
2021-03-15;PER;49237;42518;1831
2021-03-14;PER;49098;42339;1827
2021-03-13;PER;48957;42084;1822
2021-03-12;PER;48814;41777;1818
2021-03-11;PER;48669;41503;1814
2021-03-10;PER;48519;41234;1808
2021-03-09;PER;48366;40977;1796
2021-03-08;PER;48215;40829;1792
2021-03-07;PER;48059;40677;1783
2021-03-06;PER;47900;40476;1775
2021-03-05;PER;47735;40169;1769
2021-03-04;PER;47566;39918;1763
2021-03-03;PER;47392;39671;1752
2021-03-02;PER;47215;39408;1746
2021-03-01;PER;47031;39186;1740
2021-03-31;PRI;42358;38697;678
2021-03-30;PRI;42303;38499;677
2021-03-29;PRI;42250;38294;675
2021-03-28;PRI;42198;38257;673
2021-03-27;PRI;42144;38240;671
2021-03-26;PRI;42088;38061;670
2021-03-25;PRI;42033;37920;669
2021-03-24;PRI;41976;37762;668
2021-03-23;PRI;41922;37613;667
2021-03-22;PRI;41866;37445;665
2021-03-21;PRI;41808;37431;664
2021-03-20;PRI;41753;37348;663
2021-03-19;PRI;41696;37208;661
2021-03-18;PRI;41637;37061;659
2021-03-17;PRI;41579;36907;658
2021-03-16;PRI;41519;36775;656
2021-03-15;PRI;41462;36658;655
2021-03-14;PRI;41401;36658;653
2021-03-13;PRI;41342;36596;653
2021-03-12;PRI;41280;36478;652
2021-03-11;PRI;41215;36383;650
2021-03-10;PRI;41148;36268;648
2021-03-09;PRI;41078;36199;648
2021-03-08;PRI;41005;36199;645
2021-03-07;PRI;40927;36135;643
2021-03-06;PRI;40852;36060;641
2021-03-05;PRI;40773;35963;640
2021-03-04;PRI;40692;35874;638
2021-03-03;PRI;40610;35759;636
2021-03-02;PRI;40530;35453;634
2021-03-01;PRI;40447;35155;631
2021-03-31;ORE;40013;36637;733
2021-03-30;ORE;39929;36582;730
2021-03-29;ORE;39849;36520;725
2021-03-28;ORE;39767;36469;723
2021-03-27;ORE;39684;36412;722
2021-03-26;ORE;39600;36358;720
2021-03-25;ORE;39518;36299;716
2021-03-24;ORE;39440;36248;712
2021-03-23;ORE;39359;36196;707
2021-03-22;ORE;39280;36142;705
2021-03-21;ORE;39198;36085;702
2021-03-20;ORE;39118;36024;696
2021-03-19;ORE;39038;35971;691
2021-03-18;ORE;38962;35913;685
2021-03-17;ORE;38884;35857;681
2021-03-16;ORE;38808;35806;676
2021-03-15;ORE;38729;35749;673
2021-03-14;ORE;38649;35693;669
2021-03-13;ORE;38575;35644;665
2021-03-12;ORE;38503;35586;660
2021-03-11;ORE;38428;35532;654
2021-03-10;ORE;38355;35480;650
2021-03-09;ORE;38285;35421;644
2021-03-08;ORE;38210;35368;643
2021-03-07;ORE;38131;35310;639
2021-03-06;ORE;38054;35259;634
2021-03-05;ORE;37979;35203;629
2021-03-04;ORE;37903;35151;623
2021-03-03;ORE;37829;35092;620
2021-03-02;ORE;37754;34966;615
2021-03-01;ORE;37674;34843;609
2021-03-31;NVS;38774;35949;1625
2021-03-30;NVS;38694;35821;1619
2021-03-29;NVS;38609;35707;1614
2021-03-28;NVS;38522;35666;1608
2021-03-27;NVS;38437;35613;1603
2021-03-26;NVS;38343;35474;1598
2021-03-25;NVS;38242;35355;1592
2021-03-24;NVS;38149;35219;1585
2021-03-23;NVS;38062;35082;1580
2021-03-22;NVS;37969;34936;1574
2021-03-21;NVS;37878;34869;1569
2021-03-20;NVS;37782;34818;1564
2021-03-19;NVS;37678;34662;1558
2021-03-18;NVS;37581;34535;1553
2021-03-17;NVS;37491;34403;1547
2021-03-16;NVS;37399;34284;1542
2021-03-15;NVS;37298;34174;1536
2021-03-14;NVS;37203;34099;1531
2021-03-13;NVS;37105;34015;1525
2021-03-12;NVS;37002;33898;1521
2021-03-11;NVS;36902;33790;1516
2021-03-10;NVS;36805;33686;1510
2021-03-09;NVS;36703;33590;1503
2021-03-08;NVS;36599;33553;1495
2021-03-07;NVS;36499;33501;1489
2021-03-06;NVS;36397;33453;1482
2021-03-05;NVS;36288;33329;1475
2021-03-04;NVS;36182;33214;1467
2021-03-03;NVS;36082;33107;1461
2021-03-02;NVS;35975;32995;1452
2021-03-01;NVS;35860;32885;1444
2021-03-31;KDA;42369;37232;2322
2021-03-30;KDA;42262;37134;2310
2021-03-29;KDA;42153;37006;2299
2021-03-28;KDA;42042;36887;2288
2021-03-27;KDA;41929;36758;2277
2021-03-26;KDA;41815;36673;2266
2021-03-25;KDA;41699;36579;2255
2021-03-24;KDA;41580;36477;2244
2021-03-23;KDA;41462;36297;2233
2021-03-22;KDA;41343;36183;2221
2021-03-21;KDA;41219;36069;2208
2021-03-20;KDA;41096;35943;2195
2021-03-19;KDA;40971;35849;2183
2021-03-18;KDA;40847;35674;2171
2021-03-17;KDA;40721;35561;2159
2021-03-16;KDA;40597;35414;2147
2021-03-15;KDA;40472;35308;2134
2021-03-14;KDA;40349;35193;2121
2021-03-13;KDA;40223;35055;2108
2021-03-12;KDA;40096;34922;2095
2021-03-11;KDA;39966;34831;2082
2021-03-10;KDA;39837;34749;2069
2021-03-09;KDA;39707;34618;2056
2021-03-08;KDA;39570;34506;2042
2021-03-07;KDA;39433;34388;2028
2021-03-06;KDA;39295;34267;2014
2021-03-05;KDA;39155;34115;2000
2021-03-04;KDA;39013;33910;1987
2021-03-03;KDA;38868;33682;1973
2021-03-02;KDA;38722;33461;1958
2021-03-01;KDA;38582;33232;1944
2021-03-31;ZAB;41050;39556;590
2021-03-30;ZAB;40996;39465;590
2021-03-29;ZAB;40940;39406;589
2021-03-28;ZAB;40883;39390;588
2021-03-27;ZAB;40828;39320;588
2021-03-26;ZAB;40771;39251;588
2021-03-25;ZAB;40715;39192;587
2021-03-24;ZAB;40657;39124;586
2021-03-23;ZAB;40596;39059;585
2021-03-22;ZAB;40532;38992;583
2021-03-21;ZAB;40463;38973;582
2021-03-20;ZAB;40393;38918;580
2021-03-19;ZAB;40321;38818;578
2021-03-18;ZAB;40250;38707;576
2021-03-17;ZAB;40177;38623;574
2021-03-16;ZAB;40101;38514;571
2021-03-15;ZAB;40022;38397;569
2021-03-14;ZAB;39938;38279;566
2021-03-13;ZAB;39851;38238;564
2021-03-12;ZAB;39759;38129;562
2021-03-11;ZAB;39670;38021;558
2021-03-10;ZAB;39587;37921;555
2021-03-09;ZAB;39497;37796;553
2021-03-08;ZAB;39406;37742;550
2021-03-07;ZAB;39311;37682;547
2021-03-06;ZAB;39218;37607;544
2021-03-05;ZAB;39121;37480;541
2021-03-04;ZAB;39022;37369;539
2021-03-03;ZAB;38927;37239;537
2021-03-02;ZAB;38828;37127;534
2021-03-01;ZAB;38726;37021;532
2021-03-31;SA;33565;32445;550
2021-03-30;SA;33538;32407;549
2021-03-29;SA;33513;32383;547
2021-03-28;SA;33487;32357;545
2021-03-27;SA;33462;32335;544
2021-03-26;SA;33436;32319;542
2021-03-25;SA;33411;32277;542
2021-03-24;SA;33384;32188;542
2021-03-23;SA;33356;32155;540
2021-03-22;SA;33326;32126;539
2021-03-21;SA;33295;32112;539
2021-03-20;SA;33265;32060;539
2021-03-19;SA;33237;32029;539
2021-03-18;SA;33210;31975;539
2021-03-17;SA;33182;31969;539
2021-03-16;SA;33152;31907;538
2021-03-15;SA;33121;31857;537
2021-03-14;SA;33091;31773;536
2021-03-13;SA;33054;31773;535
2021-03-12;SA;33012;31676;533
2021-03-11;SA;32973;31593;530
2021-03-10;SA;32936;31541;528
2021-03-09;SA;32900;31522;526
2021-03-08;SA;32863;31501;524
2021-03-07;SA;32825;31473;522
2021-03-06;SA;32786;31400;521
2021-03-05;SA;32748;31363;518
2021-03-04;SA;32709;31308;517
2021-03-03;SA;32669;31263;517
2021-03-02;SA;32628;31178;516
2021-03-01;SA;32589;31167;514
2021-03-31;KEM;33258;32372;612
2021-03-30;KEM;33205;32317;610
2021-03-29;KEM;33155;32263;610
2021-03-28;KEM;33106;32222;607
2021-03-27;KEM;33060;32177;606
2021-03-26;KEM;33011;32134;604
2021-03-25;KEM;32964;32090;603
2021-03-24;KEM;32916;32044;601
2021-03-23;KEM;32869;32001;600
2021-03-22;KEM;32823;31956;597
2021-03-21;KEM;32780;31909;595
2021-03-20;KEM;32736;31865;592
2021-03-19;KEM;32691;31819;592
2021-03-18;KEM;32644;31770;591
2021-03-17;KEM;32596;31718;589
2021-03-16;KEM;32546;31663;586
2021-03-15;KEM;32491;31614;583
2021-03-14;KEM;32434;31561;580
2021-03-13;KEM;32375;31507;578
2021-03-12;KEM;32321;31450;576
2021-03-11;KEM;32266;31397;574
2021-03-10;KEM;32213;31349;571
2021-03-09;KEM;32163;31298;568
2021-03-08;KEM;32109;31245;566
2021-03-07;KEM;32053;31196;564
2021-03-06;KEM;31995;31151;562
2021-03-05;KEM;31939;31103;560
2021-03-04;KEM;31886;31054;559
2021-03-03;KEM;31832;31003;559
2021-03-02;KEM;31778;30950;558
2021-03-01;KEM;31723;30867;558
2021-03-31;KR;43859;41342;388
2021-03-30;KR;43772;41186;385
2021-03-29;KR;43683;41015;382
2021-03-28;KR;43594;40882;380
2021-03-27;KR;43505;40724;377
2021-03-26;KR;43419;40570;374
2021-03-25;KR;43334;40370;371
2021-03-24;KR;43251;40220;369
2021-03-23;KR;43165;40067;366
2021-03-22;KR;43078;39920;363
2021-03-21;KR;42989;39770;361
2021-03-20;KR;42904;39610;358
2021-03-19;KR;42800;39429;355
2021-03-18;KR;42695;39258;353
2021-03-17;KR;42592;39089;350
2021-03-16;KR;42490;38932;347
2021-03-15;KR;42386;38771;345
2021-03-14;KR;42280;38582;342
2021-03-13;KR;42173;38458;340
2021-03-12;KR;42064;38313;337
2021-03-11;KR;41956;38192;334
2021-03-10;KR;41853;38078;331
2021-03-09;KR;41748;38003;327
2021-03-08;KR;41641;37820;327
2021-03-07;KR;41536;37640;325
2021-03-06;KR;41430;37528;322
2021-03-05;KR;41324;37421;319
2021-03-04;KR;41222;37306;316
2021-03-03;KR;41118;37145;314
2021-03-02;KR;41021;36987;311
2021-03-01;KR;40928;36852;308
2021-03-31;PNZ;42019;38783;530
2021-03-30;PNZ;41919;38651;526
2021-03-29;PNZ;41818;38540;522
2021-03-28;PNZ;41712;38407;519
2021-03-27;PNZ;41610;38280;516
2021-03-26;PNZ;41505;38131;512
2021-03-25;PNZ;41402;37975;509
2021-03-24;PNZ;41295;37791;505
2021-03-23;PNZ;41189;37638;502
2021-03-22;PNZ;41081;37466;498
2021-03-21;PNZ;40971;37336;496
2021-03-20;PNZ;40864;37188;492
2021-03-19;PNZ;40755;37035;489
2021-03-18;PNZ;40644;36911;485
2021-03-17;PNZ;40531;36792;482
2021-03-16;PNZ;40415;36659;478
2021-03-15;PNZ;40300;36512;474
2021-03-14;PNZ;40183;36390;471
2021-03-13;PNZ;40063;36276;469
2021-03-12;PNZ;39945;36150;465
2021-03-11;PNZ;39825;36003;462
2021-03-10;PNZ;39704;35866;460
2021-03-09;PNZ;39581;35755;456
2021-03-08;PNZ;39453;35653;456
2021-03-07;PNZ;39323;35556;456
2021-03-06;PNZ;39185;35455;455
2021-03-05;PNZ;39043;35361;452
2021-03-04;PNZ;38903;35224;449
2021-03-03;PNZ;38759;35010;446
2021-03-02;PNZ;38611;34799;443
2021-03-01;PNZ;38459;34592;440
2021-03-31;BU;36006;34392;785
2021-03-30;BU;35953;34300;782
2021-03-29;BU;35897;34236;779
2021-03-28;BU;35838;34223;777
2021-03-27;BU;35780;34163;775
2021-03-26;BU;35725;34046;772
2021-03-25;BU;35670;33935;770
2021-03-24;BU;35613;33844;767
2021-03-23;BU;35550;33699;763
2021-03-22;BU;35485;33639;761
2021-03-21;BU;35419;33626;757
2021-03-20;BU;35354;33556;756
2021-03-19;BU;35291;33449;752
2021-03-18;BU;35219;33348;750
2021-03-17;BU;35149;33240;746
2021-03-16;BU;35079;33149;743
2021-03-15;BU;35008;33096;741
2021-03-14;BU;34936;33072;739
2021-03-13;BU;34862;32954;737
2021-03-12;BU;34789;32819;736
2021-03-11;BU;34718;32678;734
2021-03-10;BU;34631;32470;732
2021-03-09;BU;34539;32352;730
2021-03-08;BU;34442;32329;728
2021-03-07;BU;34340;32293;727
2021-03-06;BU;34236;32194;725
2021-03-05;BU;34133;32036;723
2021-03-04;BU;34037;31904;721
2021-03-03;BU;33939;31757;719
2021-03-02;BU;33839;31587;717
2021-03-01;BU;33735;31494;715
2021-03-31;KIR;39754;36120;324
2021-03-30;KIR;39664;36015;323
2021-03-29;KIR;39573;35914;322
2021-03-28;KIR;39479;35817;321
2021-03-27;KIR;39386;35695;320
2021-03-26;KIR;39294;35570;319
2021-03-25;KIR;39201;35447;318
2021-03-24;KIR;39103;35327;317
2021-03-23;KIR;39011;35199;316
2021-03-22;KIR;38918;35060;315
2021-03-21;KIR;38826;34916;315
2021-03-20;KIR;38725;34769;315
2021-03-19;KIR;38623;34617;315
2021-03-18;KIR;38520;34469;313
2021-03-17;KIR;38420;34327;312
2021-03-16;KIR;38322;34183;311
2021-03-15;KIR;38222;34043;309
2021-03-14;KIR;38121;33911;308
2021-03-13;KIR;38017;33764;307
2021-03-12;KIR;37911;33603;306
2021-03-11;KIR;37806;33445;305
2021-03-10;KIR;37699;33281;304
2021-03-09;KIR;37589;33108;303
2021-03-08;KIR;37474;32899;301
2021-03-07;KIR;37355;32698;300
2021-03-06;KIR;37235;32492;299
2021-03-05;KIR;37114;32273;298
2021-03-04;KIR;36992;32048;298
2021-03-03;KIR;36870;31840;297
2021-03-02;KIR;36746;31653;295
2021-03-01;KIR;36620;31497;294
2021-03-31;TOM;31387;30294;356
2021-03-30;TOM;31356;30270;356
2021-03-29;TOM;31328;30232;352
2021-03-28;TOM;31304;30191;352
2021-03-27;TOM;31279;30155;349
2021-03-26;TOM;31253;30114;349
2021-03-25;TOM;31224;30068;344
2021-03-24;TOM;31193;30031;344
2021-03-23;TOM;31158;29980;344
2021-03-22;TOM;31128;29938;338
2021-03-21;TOM;31100;29885;338
2021-03-20;TOM;31069;29822;338
2021-03-19;TOM;31030;29746;338
2021-03-18;TOM;30982;29679;334
2021-03-17;TOM;30935;29606;334
2021-03-16;TOM;30892;29522;334
2021-03-15;TOM;30859;29427;334
2021-03-14;TOM;30823;29360;329
2021-03-13;TOM;30785;29281;329
2021-03-12;TOM;30743;29190;329
2021-03-11;TOM;30704;29099;329
2021-03-10;TOM;30661;29013;329
2021-03-09;TOM;30620;28930;326
2021-03-08;TOM;30588;28856;326
2021-03-07;TOM;30552;28765;326
2021-03-06;TOM;30517;28679;326
2021-03-05;TOM;30480;28588;321
2021-03-04;TOM;30441;28490;321
2021-03-03;TOM;30400;28395;321
2021-03-02;TOM;30357;28321;319
2021-03-01;TOM;30310;28234;319
2021-03-31;CR;37633;35253;1069
2021-03-30;CR;37558;35078;1064
2021-03-29;CR;37489;34988;1059
2021-03-28;CR;37416;34982;1057
2021-03-27;CR;37348;34959;1053
2021-03-26;CR;37283;34859;1049
2021-03-25;CR;37223;34797;1045
2021-03-24;CR;37166;34692;1040
2021-03-23;CR;37110;34359;1035
2021-03-22;CR;37056;34031;1030
2021-03-21;CR;37000;34025;1026
2021-03-20;CR;36947;33986;1023
2021-03-19;CR;36895;33837;1019
2021-03-18;CR;36841;33813;1016
2021-03-17;CR;36785;33707;1010
2021-03-16;CR;36730;33646;1005
2021-03-15;CR;36676;33570;1001
2021-03-14;CR;36619;33564;999
2021-03-13;CR;36557;33509;995
2021-03-12;CR;36494;33295;990
2021-03-11;CR;36432;33082;984
2021-03-10;CR;36367;32847;979
2021-03-09;CR;36307;32590;974
2021-03-08;CR;36249;32579;970
2021-03-07;CR;36188;32573;965
2021-03-06;CR;36122;32547;961
2021-03-05;CR;36057;32442;955
2021-03-04;CR;35989;32323;949
2021-03-03;CR;35922;32177;945
2021-03-02;CR;35857;31978;939
2021-03-01;CR;35790;31839;934
2021-03-31;DA;31050;28719;1410
2021-03-30;DA;31005;28672;1405
2021-03-29;DA;30958;28631;1399
2021-03-28;DA;30911;28586;1397
2021-03-27;DA;30863;28542;1396
2021-03-26;DA;30817;28502;1395
2021-03-25;DA;30771;28464;1389
2021-03-24;DA;30727;28434;1387
2021-03-23;DA;30684;28401;1383
2021-03-22;DA;30642;28370;1380
2021-03-21;DA;30602;28337;1380
2021-03-20;DA;30562;28302;1379
2021-03-19;DA;30524;28263;1375
2021-03-18;DA;30486;28227;1372
2021-03-17;DA;30450;28194;1370
2021-03-16;DA;30414;28159;1370
2021-03-15;DA;30379;28112;1370
2021-03-14;DA;30341;28087;1369
2021-03-13;DA;30303;28055;1368
2021-03-12;DA;30264;28017;1365
2021-03-11;DA;30224;27978;1364
2021-03-10;DA;30185;27934;1361
2021-03-09;DA;30147;27894;1361
2021-03-08;DA;30109;27852;1360
2021-03-07;DA;30069;27814;1360
2021-03-06;DA;30029;27768;1358
2021-03-05;DA;29988;27729;1356
2021-03-04;DA;29945;27689;1356
2021-03-03;DA;29901;27647;1350
2021-03-02;DA;29861;27597;1345
2021-03-01;DA;29821;27549;1344
2021-03-31;TYU;33599;31669;386
2021-03-30;TYU;33542;31612;381
2021-03-29;TYU;33487;31554;374
2021-03-28;TYU;33426;31502;373
2021-03-27;TYU;33363;31438;369
2021-03-26;TYU;33300;31367;363
2021-03-25;TYU;33235;31298;358
2021-03-24;TYU;33167;31227;358
2021-03-23;TYU;33100;31160;353
2021-03-22;TYU;33031;31095;349
2021-03-21;TYU;32960;31036;349
2021-03-20;TYU;32886;30973;349
2021-03-19;TYU;32810;30906;349
2021-03-18;TYU;32734;30842;349
2021-03-17;TYU;32656;30780;344
2021-03-16;TYU;32577;30715;339
2021-03-15;TYU;32506;30652;334
2021-03-14;TYU;32431;30600;330
2021-03-13;TYU;32352;30532;324
2021-03-12;TYU;32274;30457;319
2021-03-11;TYU;32194;30383;313
2021-03-10;TYU;32116;30303;309
2021-03-09;TYU;32041;30224;305
2021-03-08;TYU;31965;30139;305
2021-03-07;TYU;31886;30058;305
2021-03-06;TYU;31806;29971;301
2021-03-05;TYU;31723;29881;299
2021-03-04;TYU;31641;29790;298
2021-03-03;TYU;31554;29701;296
2021-03-02;TYU;31468;29611;293
2021-03-01;TYU;31388;29523;289
2021-03-31;LEN;39866;37316;932
2021-03-30;LEN;39772;37227;927
2021-03-29;LEN;39676;37137;919
2021-03-28;LEN;39578;37063;912
2021-03-27;LEN;39476;36977;904
2021-03-26;LEN;39371;36880;896
2021-03-25;LEN;39267;36771;887
2021-03-24;LEN;39160;36659;881
2021-03-23;LEN;39039;36541;873
2021-03-22;LEN;38911;36418;867
2021-03-21;LEN;38786;36301;855
2021-03-20;LEN;38659;36180;845
2021-03-19;LEN;38532;36051;831
2021-03-18;LEN;38408;35930;817
2021-03-17;LEN;38282;35806;807
2021-03-16;LEN;38155;35683;796
2021-03-15;LEN;38030;35555;784
2021-03-14;LEN;37900;35381;771
2021-03-13;LEN;37769;35173;760
2021-03-12;LEN;37642;34937;747
2021-03-11;LEN;37520;34722;739
2021-03-10;LEN;37408;34449;729
2021-03-09;LEN;37278;34190;724
2021-03-08;LEN;37147;34069;711
2021-03-07;LEN;37014;33951;703
2021-03-06;LEN;36879;33736;695
2021-03-05;LEN;36733;33488;689
2021-03-04;LEN;36589;33214;675
2021-03-03;LEN;36444;32996;663
2021-03-02;LEN;36300;32770;657
2021-03-01;LEN;36151;32557;648
2021-03-31;BRY;35646;34786;284
2021-03-30;BRY;35556;34685;283
2021-03-29;BRY;35465;34586;283
2021-03-28;BRY;35370;34507;283
2021-03-27;BRY;35277;34426;283
2021-03-26;BRY;35180;34349;282
2021-03-25;BRY;35088;34278;282
2021-03-24;BRY;34995;34186;282
2021-03-23;BRY;34900;34109;280
2021-03-22;BRY;34807;34029;279
2021-03-21;BRY;34719;33953;279
2021-03-20;BRY;34630;33866;279
2021-03-19;BRY;34549;33782;279
2021-03-18;BRY;34466;33676;276
2021-03-17;BRY;34380;33601;273
2021-03-16;BRY;34299;33513;269
2021-03-15;BRY;34213;33424;268
2021-03-14;BRY;34126;33360;267
2021-03-13;BRY;34046;33260;267
2021-03-12;BRY;33964;33157;267
2021-03-11;BRY;33884;33056;266
2021-03-10;BRY;33799;32952;263
2021-03-09;BRY;33716;32874;263
2021-03-08;BRY;33631;32802;263
2021-03-07;BRY;33542;32696;263
2021-03-06;BRY;33455;32591;263
2021-03-05;BRY;33364;32496;262
2021-03-04;BRY;33274;32401;262
2021-03-03;BRY;33185;32313;260
2021-03-02;BRY;33092;32203;257
2021-03-01;BRY;32993;32145;257
2021-03-31;TUL;36235;33660;1545
2021-03-30;TUL;36146;33565;1535
2021-03-29;TUL;36058;33475;1524
2021-03-28;TUL;35970;33385;1516
2021-03-27;TUL;35883;33296;1507
2021-03-26;TUL;35793;33208;1499
2021-03-25;TUL;35699;33114;1488
2021-03-24;TUL;35603;33019;1481
2021-03-23;TUL;35508;32925;1474
2021-03-22;TUL;35409;32828;1467
2021-03-21;TUL;35308;32729;1457
2021-03-20;TUL;35210;32633;1448
2021-03-19;TUL;35113;32538;1439
2021-03-18;TUL;35012;32438;1431
2021-03-17;TUL;34908;32337;1420
2021-03-16;TUL;34806;32236;1410
2021-03-15;TUL;34706;32135;1400
2021-03-14;TUL;34600;32055;1392
2021-03-13;TUL;34496;31973;1382
2021-03-12;TUL;34388;31863;1373
2021-03-11;TUL;34278;31752;1364
2021-03-10;TUL;34168;31642;1353
2021-03-09;TUL;34056;31529;1344
2021-03-08;TUL;33945;31445;1336
2021-03-07;TUL;33836;31359;1327
2021-03-06;TUL;33726;31266;1318
2021-03-05;TUL;33613;31152;1308
2021-03-04;TUL;33501;31040;1297
2021-03-03;TUL;33387;30924;1287
2021-03-02;TUL;33273;30809;1278
2021-03-01;TUL;33157;30692;1268
2021-03-31;YAR;36094;34427;482
2021-03-30;YAR;36005;34357;481
2021-03-29;YAR;35917;34280;479
2021-03-28;YAR;35828;34210;477
2021-03-27;YAR;35737;34138;475
2021-03-26;YAR;35647;34060;475
2021-03-25;YAR;35554;33983;472
2021-03-24;YAR;35461;33910;470
2021-03-23;YAR;35367;33842;467
2021-03-22;YAR;35274;33772;465
2021-03-21;YAR;35177;33703;465
2021-03-20;YAR;35080;33632;462
2021-03-19;YAR;34980;33558;460
2021-03-18;YAR;34877;33481;458
2021-03-17;YAR;34777;33400;456
2021-03-16;YAR;34675;33320;454
2021-03-15;YAR;34574;33233;452
2021-03-14;YAR;34471;33147;451
2021-03-13;YAR;34364;33055;447
2021-03-12;YAR;34254;32925;443
2021-03-11;YAR;34144;32796;442
2021-03-10;YAR;34031;32664;439
2021-03-09;YAR;33917;32534;436
2021-03-08;YAR;33805;32400;433
2021-03-07;YAR;33688;32263;431
2021-03-06;YAR;33567;32115;427
2021-03-05;YAR;33447;31965;422
2021-03-04;YAR;33324;31812;418
2021-03-03;YAR;33197;31653;414
2021-03-02;YAR;33074;31496;410
2021-03-01;YAR;32944;31334;406
2021-03-31;VLG;42714;39805;902
2021-03-30;VLG;42622;39716;899
2021-03-29;VLG;42532;39631;896
2021-03-28;VLG;42439;39553;893
2021-03-27;VLG;42345;39457;891
2021-03-26;VLG;42249;39363;889
2021-03-25;VLG;42150;39259;886
2021-03-24;VLG;42052;39170;883
2021-03-23;VLG;41957;39086;880
2021-03-22;VLG;41860;38999;877
2021-03-21;VLG;41761;38907;874
2021-03-20;VLG;41659;38808;871
2021-03-19;VLG;41554;38719;867
2021-03-18;VLG;41453;38647;864
2021-03-17;VLG;41350;38549;861
2021-03-16;VLG;41246;38429;858
2021-03-15;VLG;41146;38314;855
2021-03-14;VLG;41045;38180;852
2021-03-13;VLG;40941;38052;849
2021-03-12;VLG;40835;37913;846
2021-03-11;VLG;40730;37765;843
2021-03-10;VLG;40621;37614;838
2021-03-09;VLG;40510;37476;834
2021-03-08;VLG;40400;37342;832
2021-03-07;VLG;40276;37215;828
2021-03-06;VLG;40146;37084;825
2021-03-05;VLG;40009;36942;823
2021-03-04;VLG;39864;36774;820
2021-03-03;VLG;39716;36618;817
2021-03-02;VLG;39566;36429;814
2021-03-01;VLG;39415;36164;809
2021-03-31;TVE;37394;35340;731
2021-03-30;TVE;37296;35235;728
2021-03-29;TVE;37198;35126;725
2021-03-28;TVE;37099;35015;725
2021-03-27;TVE;36997;34899;722
2021-03-26;TVE;36892;34780;721
2021-03-25;TVE;36787;34659;720
2021-03-24;TVE;36678;34540;718
2021-03-23;TVE;36572;34418;717
2021-03-22;TVE;36465;34295;712
2021-03-21;TVE;36357;34175;711
2021-03-20;TVE;36247;34053;707
2021-03-19;TVE;36135;33933;703
2021-03-18;TVE;36025;33810;697
2021-03-17;TVE;35912;33685;692
2021-03-16;TVE;35799;33559;691
2021-03-15;TVE;35684;33435;689
2021-03-14;TVE;35566;33310;685
2021-03-13;TVE;35447;33180;682
2021-03-12;TVE;35326;33046;676
2021-03-11;TVE;35203;32905;672
2021-03-10;TVE;35077;32760;666
2021-03-09;TVE;34948;32603;661
2021-03-08;TVE;34818;32442;658
2021-03-07;TVE;34686;32278;654
2021-03-06;TVE;34552;32099;651
2021-03-05;TVE;34418;31918;647
2021-03-04;TVE;34283;31732;641
2021-03-03;TVE;34145;31548;635
2021-03-02;TVE;34008;31366;627
2021-03-01;TVE;33869;31191;627
2021-03-31;BEL;34282;32032;562
2021-03-30;BEL;34195;31899;559
2021-03-29;BEL;34106;31825;556
2021-03-28;BEL;34021;31794;554
2021-03-27;BEL;33933;31696;552
2021-03-26;BEL;33847;31579;549
2021-03-25;BEL;33760;31441;545
2021-03-24;BEL;33672;31313;542
2021-03-23;BEL;33587;31174;538
2021-03-22;BEL;33500;31111;535
2021-03-21;BEL;33411;31093;533
2021-03-20;BEL;33321;31059;531
2021-03-19;BEL;33230;30939;528
2021-03-18;BEL;33138;30740;526
2021-03-17;BEL;33048;30619;523
2021-03-16;BEL;32954;30424;521
2021-03-15;BEL;32862;30392;519
2021-03-14;BEL;32771;30333;518
2021-03-13;BEL;32678;30252;517
2021-03-12;BEL;32581;30131;516
2021-03-11;BEL;32487;29989;514
2021-03-10;BEL;32397;29732;512
2021-03-09;BEL;32305;29613;508
2021-03-08;BEL;32212;29607;505
2021-03-07;BEL;32114;29598;503
2021-03-06;BEL;32018;29568;501
2021-03-05;BEL;31921;29368;497
2021-03-04;BEL;31822;29138;494
2021-03-03;BEL;31726;29046;492
2021-03-02;BEL;31635;28912;490
2021-03-01;BEL;31541;28813;487
2021-03-31;PSK;34266;23527;244
2021-03-30;PSK;34199;23416;239
2021-03-29;PSK;34148;23334;235
2021-03-28;PSK;34102;23326;232
2021-03-27;PSK;34031;23305;229
2021-03-26;PSK;33962;23202;227
2021-03-25;PSK;33886;23046;223
2021-03-24;PSK;33813;22944;220
2021-03-23;PSK;33750;22878;217
2021-03-22;PSK;33682;22795;214
2021-03-21;PSK;33613;22783;214
2021-03-20;PSK;33543;22759;214
2021-03-19;PSK;33470;22674;214
2021-03-18;PSK;33402;22570;211
2021-03-17;PSK;33336;22381;208
2021-03-16;PSK;33284;22325;205
2021-03-15;PSK;33192;22236;202
2021-03-14;PSK;33097;22218;199
2021-03-13;PSK;33000;22210;196
2021-03-12;PSK;32906;22082;193
2021-03-11;PSK;32831;21973;191
2021-03-10;PSK;32797;21844;188
2021-03-09;PSK;32744;21775;186
2021-03-08;PSK;32655;21765;184
2021-03-07;PSK;32557;21735;181
2021-03-06;PSK;32463;21701;180
2021-03-05;PSK;32366;21637;178
2021-03-04;PSK;32276;21520;175
2021-03-03;PSK;32184;21373;173
2021-03-02;PSK;32095;21218;171
2021-03-01;PSK;31996;21093;169
2021-03-31;ORL;32432;29746;501
2021-03-30;ORL;32370;29685;501
2021-03-29;ORL;32306;29627;499
2021-03-28;ORL;32243;29574;499
2021-03-27;ORL;32181;29503;499
2021-03-26;ORL;32122;29429;499
2021-03-25;ORL;32061;29358;499
2021-03-24;ORL;32002;29289;499
2021-03-23;ORL;31942;29222;498
2021-03-22;ORL;31879;29158;493
2021-03-21;ORL;31818;29099;493
2021-03-20;ORL;31756;29037;493
2021-03-19;ORL;31696;28970;493
2021-03-18;ORL;31635;28910;488
2021-03-17;ORL;31572;28847;485
2021-03-16;ORL;31508;28781;483
2021-03-15;ORL;31442;28717;478
2021-03-14;ORL;31374;28658;475
2021-03-13;ORL;31305;28590;473
2021-03-12;ORL;31233;28507;470
2021-03-11;ORL;31163;28426;467
2021-03-10;ORL;31089;28340;464
2021-03-09;ORL;31012;28257;461
2021-03-08;ORL;30933;28164;459
2021-03-07;ORL;30850;28067;457
2021-03-06;ORL;30769;27949;455
2021-03-05;ORL;30684;27827;452
2021-03-04;ORL;30603;27703;449
2021-03-03;ORL;30523;27585;446
2021-03-02;ORL;30443;27470;443
2021-03-01;ORL;30361;27368;440
2021-03-31;IVA;32556;31025;1039
2021-03-30;IVA;32494;30919;1035
2021-03-29;IVA;32431;30897;1032
2021-03-28;IVA;32364;30792;1031
2021-03-27;IVA;32294;30681;1030
2021-03-26;IVA;32226;30595;1026
2021-03-25;IVA;32161;30504;1023
2021-03-24;IVA;32094;30403;1018
2021-03-23;IVA;32028;30308;1013
2021-03-22;IVA;31966;30232;1009
2021-03-21;IVA;31901;30150;1008
2021-03-20;IVA;31834;30121;1004
2021-03-19;IVA;31772;30094;1001
2021-03-18;IVA;31707;30006;995
2021-03-17;IVA;31644;29909;991
2021-03-16;IVA;31578;29823;986
2021-03-15;IVA;31516;29768;982
2021-03-14;IVA;31455;29704;979
2021-03-13;IVA;31392;29697;976
2021-03-12;IVA;31332;29622;971
2021-03-11;IVA;31269;29524;967
2021-03-10;IVA;31207;29405;964
2021-03-09;IVA;31146;29326;960
2021-03-08;IVA;31086;29316;958
2021-03-07;IVA;31024;29311;955
2021-03-06;IVA;30960;29190;953
2021-03-05;IVA;30898;28994;949
2021-03-04;IVA;30834;28893;944
2021-03-03;IVA;30767;28742;939
2021-03-02;IVA;30698;28603;933
2021-03-01;IVA;30628;28444;928
2021-03-31;KLU;32345;30156;281
2021-03-30;KLU;32286;30089;281
2021-03-29;KLU;32223;30025;281
2021-03-28;KLU;32162;29973;281
2021-03-27;KLU;32097;29900;281
2021-03-26;KLU;32035;29823;281
2021-03-25;KLU;31969;29748;281
2021-03-24;KLU;31905;29675;281
2021-03-23;KLU;31838;29604;281
2021-03-22;KLU;31768;29527;281
2021-03-21;KLU;31697;29452;281
2021-03-20;KLU;31623;29373;281
2021-03-19;KLU;31547;29291;281
2021-03-18;KLU;31474;29214;279
2021-03-17;KLU;31399;29134;277
2021-03-16;KLU;31320;29051;275
2021-03-15;KLU;31234;28970;274
2021-03-14;KLU;31146;28892;274
2021-03-13;KLU;31056;28807;274
2021-03-12;KLU;30962;28716;272
2021-03-11;KLU;30869;28626;271
2021-03-10;KLU;30774;28536;269
2021-03-09;KLU;30683;28448;269
2021-03-08;KLU;30594;28356;266
2021-03-07;KLU;30501;28262;266
2021-03-06;KLU;30409;28153;266
2021-03-05;KLU;30315;28035;264
2021-03-04;KLU;30220;27913;261
2021-03-03;KLU;30122;27796;261
2021-03-02;KLU;30021;27682;260
2021-03-01;KLU;29921;27572;258
2021-03-31;KRS;34014;30772;574
2021-03-30;KRS;33919;30683;569
2021-03-29;KRS;33826;30596;563
2021-03-28;KRS;33732;30517;560
2021-03-27;KRS;33637;30408;554
2021-03-26;KRS;33541;30296;547
2021-03-25;KRS;33444;30189;542
2021-03-24;KRS;33346;30085;539
2021-03-23;KRS;33247;29984;533
2021-03-22;KRS;33150;29881;527
2021-03-21;KRS;33052;29782;527
2021-03-20;KRS;32952;29678;527
2021-03-19;KRS;32851;29570;527
2021-03-18;KRS;32750;29471;524
2021-03-17;KRS;32648;29370;518
2021-03-16;KRS;32548;29265;513
2021-03-15;KRS;32446;29163;508
2021-03-14;KRS;32343;29067;506
2021-03-13;KRS;32237;28965;501
2021-03-12;KRS;32130;28853;498
2021-03-11;KRS;32022;28743;493
2021-03-10;KRS;31913;28631;490
2021-03-09;KRS;31802;28524;486
2021-03-08;KRS;31687;28416;486
2021-03-07;KRS;31570;28304;483
2021-03-06;KRS;31451;28179;480
2021-03-05;KRS;31331;28046;476
2021-03-04;KRS;31209;27909;473
2021-03-03;KRS;31090;27777;469
2021-03-02;KRS;30969;27649;463
2021-03-01;KRS;30846;27530;460
2021-03-31;UD;30672;27275;756
2021-03-30;UD;30594;27199;754
2021-03-29;UD;30514;27121;752
2021-03-28;UD;30431;27048;751
2021-03-27;UD;30346;26970;749
2021-03-26;UD;30264;26896;748
2021-03-25;UD;30184;26821;745
2021-03-24;UD;30104;26743;743
2021-03-23;UD;30023;26667;738
2021-03-22;UD;29938;26591;734
2021-03-21;UD;29851;26516;730
2021-03-20;UD;29766;26440;725
2021-03-19;UD;29681;26366;721
2021-03-18;UD;29595;26291;716
2021-03-17;UD;29511;26218;711
2021-03-16;UD;29433;26147;706
2021-03-15;UD;29353;26075;702
2021-03-14;UD;29272;26005;697
2021-03-13;UD;29193;25935;692
2021-03-12;UD;29118;25864;687
2021-03-11;UD;29045;25793;682
2021-03-10;UD;28972;25719;677
2021-03-09;UD;28900;25645;673
2021-03-08;UD;28826;25570;668
2021-03-07;UD;28748;25494;663
2021-03-06;UD;28672;25417;659
2021-03-05;UD;28598;25340;654
2021-03-04;UD;28523;25261;650
2021-03-03;UD;28447;25180;645
2021-03-02;UD;28371;25095;641
2021-03-01;UD;28296;25006;635
2021-03-31;BA;32358;27452;361
2021-03-30;BA;32252;27280;358
2021-03-29;BA;32144;27138;356
2021-03-28;BA;32034;27012;352
2021-03-27;BA;31926;26881;349
2021-03-26;BA;31817;26640;345
2021-03-25;BA;31707;26422;343
2021-03-24;BA;31598;26197;340
2021-03-23;BA;31487;26073;337
2021-03-22;BA;31377;25952;336
2021-03-21;BA;31265;25831;333
2021-03-20;BA;31149;25717;331
2021-03-19;BA;31034;25497;328
2021-03-18;BA;30917;25296;325
2021-03-17;BA;30797;25151;322
2021-03-16;BA;30679;24992;319
2021-03-15;BA;30559;24867;317
2021-03-14;BA;30434;24796;315
2021-03-13;BA;30307;24678;313
2021-03-12;BA;30181;24526;310
2021-03-11;BA;30052;24322;308
2021-03-10;BA;29922;24100;305
2021-03-09;BA;29790;23971;303
2021-03-08;BA;29657;23924;301
2021-03-07;BA;29524;23872;297
2021-03-06;BA;29393;23761;293
2021-03-05;BA;29259;23571;290
2021-03-04;BA;29126;23348;288
2021-03-03;BA;28992;23166;284
2021-03-02;BA;28856;23047;280
2021-03-01;BA;28719;23007;277
2021-03-31;AST;30712;28814;668
2021-03-30;AST;30641;28603;665
2021-03-29;AST;30569;28417;662
2021-03-28;AST;30499;28294;659
2021-03-27;AST;30432;28139;656
2021-03-26;AST;30363;27932;653
2021-03-25;AST;30295;27715;650
2021-03-24;AST;30225;27479;646
2021-03-23;AST;30154;27219;642
2021-03-22;AST;30080;26893;638
2021-03-21;AST;30008;26636;634
2021-03-20;AST;29938;26349;630
2021-03-19;AST;29865;26033;626
2021-03-18;AST;29790;25729;622
2021-03-17;AST;29716;25415;618
2021-03-16;AST;29644;25159;614
2021-03-15;AST;29567;24867;610
2021-03-14;AST;29494;24616;606
2021-03-13;AST;29418;24339;602
2021-03-12;AST;29340;24037;598
2021-03-11;AST;29267;23723;594
2021-03-10;AST;29192;23412;590
2021-03-09;AST;29112;23117;587
2021-03-08;AST;29029;22832;585
2021-03-07;AST;28944;22556;583
2021-03-06;AST;28855;22267;580
2021-03-05;AST;28765;21961;577
2021-03-04;AST;28673;21664;575
2021-03-03;AST;28582;21375;573
2021-03-02;AST;28487;21068;571
2021-03-01;AST;28390;20776;569
2021-03-31;VLA;29981;27038;997
2021-03-30;VLA;29913;26971;997
2021-03-29;VLA;29847;26902;996
2021-03-28;VLA;29780;26861;996
2021-03-27;VLA;29711;26792;993
2021-03-26;VLA;29641;26717;990
2021-03-25;VLA;29569;26644;988
2021-03-24;VLA;29495;26573;985
2021-03-23;VLA;29418;26508;982
2021-03-22;VLA;29343;26445;978
2021-03-21;VLA;29267;26387;973
2021-03-20;VLA;29189;26326;968
2021-03-19;VLA;29115;26262;963
2021-03-18;VLA;29042;26204;958
2021-03-17;VLA;28973;26143;953
2021-03-16;VLA;28902;26085;948
2021-03-15;VLA;28834;26031;944
2021-03-14;VLA;28765;25974;939
2021-03-13;VLA;28694;25905;936
2021-03-12;VLA;28620;25825;931
2021-03-11;VLA;28543;25742;927
2021-03-10;VLA;28468;25656;923
2021-03-09;VLA;28390;25572;918
2021-03-08;VLA;28309;25463;913
2021-03-07;VLA;28223;25361;908
2021-03-06;VLA;28126;25249;903
2021-03-05;VLA;28015;25104;898
2021-03-04;VLA;27901;24957;893
2021-03-03;VLA;27783;24813;888
2021-03-02;VLA;27666;24672;883
2021-03-01;VLA;27545;24540;876
2021-03-31;RYA;26315;24363;366
2021-03-30;RYA;26262;24310;362
2021-03-29;RYA;26208;24252;358
2021-03-28;RYA;26155;24208;358
2021-03-27;RYA;26100;24148;356
2021-03-26;RYA;26044;24091;352
2021-03-25;RYA;25989;24036;348
2021-03-24;RYA;25931;23980;345
2021-03-23;RYA;25872;23922;342
2021-03-22;RYA;25815;23867;339
2021-03-21;RYA;25757;23819;339
2021-03-20;RYA;25697;23768;339
2021-03-19;RYA;25638;23712;339
2021-03-18;RYA;25581;23663;335
2021-03-17;RYA;25523;23612;332
2021-03-16;RYA;25462;23557;332
2021-03-15;RYA;25402;23505;329
2021-03-14;RYA;25343;23459;329
2021-03-13;RYA;25283;23408;326
2021-03-12;RYA;25225;23348;323
2021-03-11;RYA;25166;23286;320
2021-03-10;RYA;25106;23219;317
2021-03-09;RYA;25042;23157;314
2021-03-08;RYA;24981;23088;314
2021-03-07;RYA;24919;23017;312
2021-03-06;RYA;24856;22941;310
2021-03-05;RYA;24792;22860;308
2021-03-04;RYA;24730;22782;306
2021-03-03;RYA;24669;22708;304
2021-03-02;RYA;24605;22636;301
2021-03-01;RYA;24542;22568;298
2021-03-31;NGR;28674;25749;121
2021-03-30;NGR;28630;25694;121
2021-03-29;NGR;28590;25641;118
2021-03-28;NGR;28552;25587;118
2021-03-27;NGR;28513;25517;118
2021-03-26;NGR;28473;25443;118
2021-03-25;NGR;28432;25376;118
2021-03-24;NGR;28393;25313;118
2021-03-23;NGR;28353;25254;118
2021-03-22;NGR;28314;25191;117
2021-03-21;NGR;28273;25130;117
2021-03-20;NGR;28230;25066;117
2021-03-19;NGR;28184;24999;117
2021-03-18;NGR;28136;24937;117
2021-03-17;NGR;28090;24881;117
2021-03-16;NGR;28043;24821;117
2021-03-15;NGR;27995;24764;117
2021-03-14;NGR;27946;24719;117
2021-03-13;NGR;27895;24656;117
2021-03-12;NGR;27845;24587;115
2021-03-11;NGR;27796;24520;115
2021-03-10;NGR;27749;24449;115
2021-03-09;NGR;27700;24380;115
2021-03-08;NGR;27648;24297;115
2021-03-07;NGR;27592;24219;115
2021-03-06;NGR;27532;24137;115
2021-03-05;NGR;27471;24048;115
2021-03-04;NGR;27409;23957;115
2021-03-03;NGR;27346;23871;115
2021-03-02;NGR;27281;23788;113
2021-03-01;NGR;27217;23713;113
2021-03-31;TAM;29408;26886;409
2021-03-30;TAM;29319;26766;407
2021-03-29;TAM;29229;26710;405
2021-03-28;TAM;29138;26657;403
2021-03-27;TAM;29046;26600;400
2021-03-26;TAM;28953;26507;398
2021-03-25;TAM;28860;26423;396
2021-03-24;TAM;28766;26320;393
2021-03-23;TAM;28672;26215;391
2021-03-22;TAM;28577;26183;389
2021-03-21;TAM;28481;26150;387
2021-03-20;TAM;28384;26080;385
2021-03-19;TAM;28287;25923;383
2021-03-18;TAM;28189;25842;381
2021-03-17;TAM;28091;25742;379
2021-03-16;TAM;27992;25667;377
2021-03-15;TAM;27893;25576;375
2021-03-14;TAM;27791;25552;373
2021-03-13;TAM;27688;25475;371
2021-03-12;TAM;27585;25408;369
2021-03-11;TAM;27481;25326;367
2021-03-10;TAM;27378;25175;365
2021-03-09;TAM;27272;25117;363
2021-03-08;TAM;27169;25079;361
2021-03-07;TAM;27062;25029;359
2021-03-06;TAM;26953;24847;357
2021-03-05;TAM;26843;24693;355
2021-03-04;TAM;26731;24588;353
2021-03-03;TAM;26618;24406;351
2021-03-02;TAM;26506;24235;349
2021-03-01;TAM;26391;24121;346
2021-03-31;KK;21849;21082;504
2021-03-30;KK;21836;21076;503
2021-03-29;KK;21826;21055;503
2021-03-28;KK;21809;21053;503
2021-03-27;KK;21790;21051;503
2021-03-26;KK;21769;21026;501
2021-03-25;KK;21751;21018;499
2021-03-24;KK;21730;20980;499
2021-03-23;KK;21713;20949;495
2021-03-22;KK;21693;20935;493
2021-03-21;KK;21673;20929;493
2021-03-20;KK;21657;20924;491
2021-03-19;KK;21642;20896;488
2021-03-18;KK;21624;20874;488
2021-03-17;KK;21604;20830;485
2021-03-16;KK;21587;20803;483
2021-03-15;KK;21571;20731;483
2021-03-14;KK;21552;20705;483
2021-03-13;KK;21537;20697;483
2021-03-12;KK;21525;20618;482
2021-03-11;KK;21508;20593;480
2021-03-10;KK;21492;20565;479
2021-03-09;KK;21483;20521;477
2021-03-08;KK;21465;20517;477
2021-03-07;KK;21446;20513;475
2021-03-06;KK;21421;20495;471
2021-03-05;KK;21399;20451;465
2021-03-04;KK;21376;20379;459
2021-03-03;KK;21359;20294;455
2021-03-02;KK;21341;20215;453
2021-03-01;KK;21317;20124;453
2021-03-31;KGD;30240;27903;334
2021-03-30;KGD;30213;27852;334
2021-03-29;KGD;30172;27799;334
2021-03-28;KGD;30121;27757;334
2021-03-27;KGD;30078;27689;329
2021-03-26;KGD;30030;27618;326
2021-03-25;KGD;29975;27550;321
2021-03-24;KGD;29916;27485;311
2021-03-23;KGD;29876;27421;309
2021-03-22;KGD;29826;27354;303
2021-03-21;KGD;29753;27296;303
2021-03-20;KGD;29686;27233;303
2021-03-19;KGD;29621;27165;303
2021-03-18;KGD;29561;27100;303
2021-03-17;KGD;29498;27041;303
2021-03-16;KGD;29433;26978;302
2021-03-15;KGD;29367;26918;302
2021-03-14;KGD;29294;26863;302
2021-03-13;KGD;29227;26802;302
2021-03-12;KGD;29164;26732;296
2021-03-11;KGD;29090;26665;290
2021-03-10;KGD;29035;26594;282
2021-03-09;KGD;29010;26527;280
2021-03-08;KGD;28940;26419;279
2021-03-07;KGD;28852;26315;279
2021-03-06;KGD;28770;26207;274
2021-03-05;KGD;28684;26093;271
2021-03-04;KGD;28592;25973;265
2021-03-03;KGD;28497;25857;265
2021-03-02;KGD;28410;25745;260
2021-03-01;KGD;28310;25637;257
2021-03-31;SMO;28168;26842;758
2021-03-30;SMO;28136;26793;753
2021-03-29;SMO;28091;26761;750
2021-03-28;SMO;28039;26717;748
2021-03-27;SMO;27980;26680;747
2021-03-26;SMO;27920;26649;745
2021-03-25;SMO;27861;26600;739
2021-03-24;SMO;27800;26524;734
2021-03-23;SMO;27740;26450;729
2021-03-22;SMO;27680;26382;724
2021-03-21;SMO;27619;26331;716
2021-03-20;SMO;27558;26293;709
2021-03-19;SMO;27496;26229;701
2021-03-18;SMO;27435;26158;694
2021-03-17;SMO;27372;26126;687
2021-03-16;SMO;27308;26092;684
2021-03-15;SMO;27243;26061;680
2021-03-14;SMO;27178;26024;678
2021-03-13;SMO;27111;25996;675
2021-03-12;SMO;27043;25962;670
2021-03-11;SMO;26976;25840;667
2021-03-10;SMO;26911;25713;665
2021-03-09;SMO;26847;25582;661
2021-03-08;SMO;26784;25461;656
2021-03-07;SMO;26720;25343;650
2021-03-06;SMO;26653;25222;644
2021-03-05;SMO;26585;25008;641
2021-03-04;SMO;26513;24951;635
2021-03-03;SMO;26438;24790;629
2021-03-02;SMO;26365;24633;625
2021-03-01;SMO;26291;24381;621
2021-03-31;CU;22792;20796;1219
2021-03-30;CU;22748;20762;1212
2021-03-29;CU;22705;20729;1206
2021-03-28;CU;22662;20682;1199
2021-03-27;CU;22618;20641;1191
2021-03-26;CU;22572;20597;1185
2021-03-25;CU;22524;20553;1179
2021-03-24;CU;22477;20516;1172
2021-03-23;CU;22429;20475;1167
2021-03-22;CU;22384;20441;1160
2021-03-21;CU;22342;20398;1153
2021-03-20;CU;22300;20357;1146
2021-03-19;CU;22257;20323;1141
2021-03-18;CU;22212;20281;1136
2021-03-17;CU;22169;20242;1128
2021-03-16;CU;22125;20208;1121
2021-03-15;CU;22086;20181;1117
2021-03-14;CU;22047;20148;1111
2021-03-13;CU;22007;20114;1105
2021-03-12;CU;21967;20082;1099
2021-03-11;CU;21926;20051;1095
2021-03-10;CU;21881;20013;1089
2021-03-09;CU;21837;19979;1083
2021-03-08;CU;21792;19937;1078
2021-03-07;CU;21747;19893;1072
2021-03-06;CU;21700;19847;1065
2021-03-05;CU;21652;19808;1059
2021-03-04;CU;21601;19765;1054
2021-03-03;CU;21550;19724;1051
2021-03-02;CU;21502;19679;1045
2021-03-01;CU;21452;19643;1040
2021-03-31;KB;22792;21680;418
2021-03-30;KB;22746;21629;415
2021-03-29;KB;22698;21577;413
2021-03-28;KB;22649;21526;412
2021-03-27;KB;22600;21471;410
2021-03-26;KB;22550;21409;409
2021-03-25;KB;22500;21338;407
2021-03-24;KB;22449;21265;405
2021-03-23;KB;22398;21186;403
2021-03-22;KB;22346;21112;401
2021-03-21;KB;22293;21040;399
2021-03-20;KB;22240;20971;397
2021-03-19;KB;22186;20903;395
2021-03-18;KB;22131;20847;394
2021-03-17;KB;22076;20792;393
2021-03-16;KB;22019;20730;392
2021-03-15;KB;21962;20671;391
2021-03-14;KB;21904;20611;389
2021-03-13;KB;21846;20550;387
2021-03-12;KB;21787;20488;386
2021-03-11;KB;21728;20422;384
2021-03-10;KB;21664;20358;383
2021-03-09;KB;21599;20289;381
2021-03-08;KB;21533;20218;381
2021-03-07;KB;21467;20146;380
2021-03-06;KB;21400;20073;378
2021-03-05;KB;21333;19998;377
2021-03-04;KB;21265;19925;375
2021-03-03;KB;21197;19853;373
2021-03-02;KB;21128;19785;371
2021-03-01;KB;21059;19718;370
2021-03-31;AMU;21887;20674;243
2021-03-30;AMU;21869;20651;241
2021-03-29;AMU;21849;20626;238
2021-03-28;AMU;21830;20600;236
2021-03-27;AMU;21809;20565;234
2021-03-26;AMU;21786;20527;231
2021-03-25;AMU;21761;20491;229
2021-03-24;AMU;21737;20457;226
2021-03-23;AMU;21711;20425;224
2021-03-22;AMU;21686;20397;222
2021-03-21;AMU;21663;20361;220
2021-03-20;AMU;21639;20323;217
2021-03-19;AMU;21613;20282;213
2021-03-18;AMU;21586;20245;211
2021-03-17;AMU;21556;20215;208
2021-03-16;AMU;21525;20180;206
2021-03-15;AMU;21496;20148;203
2021-03-14;AMU;21469;20127;201
2021-03-13;AMU;21441;20090;201
2021-03-12;AMU;21411;20044;198
2021-03-11;AMU;21378;19999;196
2021-03-10;AMU;21347;19951;193
2021-03-09;AMU;21317;19905;191
2021-03-08;AMU;21289;19853;190
2021-03-07;AMU;21259;19804;188
2021-03-06;AMU;21230;19751;188
2021-03-05;AMU;21198;19694;185
2021-03-04;AMU;21164;19634;183
2021-03-03;AMU;21127;19577;181
2021-03-02;AMU;21089;19521;178
2021-03-01;AMU;21053;19467;178
2021-03-31;LIP;27606;24350;530
2021-03-30;LIP;27521;24180;526
2021-03-29;LIP;27435;23893;521
2021-03-28;LIP;27348;23884;517
2021-03-27;LIP;27260;23868;514
2021-03-26;LIP;27173;23787;510
2021-03-25;LIP;27084;23683;508
2021-03-24;LIP;26996;23578;502
2021-03-23;LIP;26906;23405;500
2021-03-22;LIP;26814;23217;495
2021-03-21;LIP;26723;23199;495
2021-03-20;LIP;26632;23182;495
2021-03-19;LIP;26540;23111;495
2021-03-18;LIP;26449;22972;489
2021-03-17;LIP;26357;22855;485
2021-03-16;LIP;26264;22822;481
2021-03-15;LIP;26169;22691;476
2021-03-14;LIP;26074;22668;473
2021-03-13;LIP;25979;22646;473
2021-03-12;LIP;25882;22527;469
2021-03-11;LIP;25786;22395;466
2021-03-10;LIP;25688;22254;462
2021-03-09;LIP;25591;22161;457
2021-03-08;LIP;25493;22084;455
2021-03-07;LIP;25393;22037;453
2021-03-06;LIP;25293;22002;453
2021-03-05;LIP;25191;21878;450
2021-03-04;LIP;25087;21645;447
2021-03-03;LIP;24984;21528;442
2021-03-02;LIP;24879;21364;439
2021-03-01;LIP;24772;21267;435
2021-03-31;SAK;22001;21662;39
2021-03-30;SAK;21989;21643;39
2021-03-29;SAK;21985;21627;39
2021-03-28;SAK;21976;21616;39
2021-03-27;SAK;21957;21603;39
2021-03-26;SAK;21937;21579;38
2021-03-25;SAK;21928;21557;38
2021-03-24;SAK;21918;21544;38
2021-03-23;SAK;21915;21529;37
2021-03-22;SAK;21910;21509;36
2021-03-21;SAK;21903;21486;36
2021-03-20;SAK;21891;21464;36
2021-03-19;SAK;21882;21433;36
2021-03-18;SAK;21865;21386;36
2021-03-17;SAK;21855;21330;35
2021-03-16;SAK;21834;21266;35
2021-03-15;SAK;21827;21179;35
2021-03-14;SAK;21817;21103;35
2021-03-13;SAK;21808;21022;35
2021-03-12;SAK;21779;20926;35
2021-03-11;SAK;21766;20840;35
2021-03-10;SAK;21756;20764;35
2021-03-09;SAK;21752;20728;34
2021-03-08;SAK;21740;20699;34
2021-03-07;SAK;21735;20672;34
2021-03-06;SAK;21715;20650;34
2021-03-05;SAK;21684;20607;34
2021-03-04;SAK;21651;20563;34
2021-03-03;SAK;21615;20521;34
2021-03-02;SAK;21581;20472;33
2021-03-01;SAK;21546;20393;33
2021-03-31;KC;19680;18785;71
2021-03-30;KC;19664;18706;71
2021-03-29;KC;19647;18635;70
2021-03-28;KC;19628;18581;70
2021-03-27;KC;19610;18513;70
2021-03-26;KC;19590;18455;70
2021-03-25;KC;19569;18394;70
2021-03-24;KC;19550;18325;69
2021-03-23;KC;19534;18257;69
2021-03-22;KC;19516;18191;69
2021-03-21;KC;19499;18162;69
2021-03-20;KC;19484;18123;69
2021-03-19;KC;19471;18064;68
2021-03-18;KC;19455;18015;68
2021-03-17;KC;19440;17989;67
2021-03-16;KC;19426;17958;67
2021-03-15;KC;19410;17929;66
2021-03-14;KC;19397;17895;66
2021-03-13;KC;19385;17853;65
2021-03-12;KC;19370;17809;65
2021-03-11;KC;19357;17770;65
2021-03-10;KC;19343;17723;64
2021-03-09;KC;19327;17682;64
2021-03-08;KC;19306;17641;64
2021-03-07;KC;19281;17602;64
2021-03-06;KC;19254;17561;64
2021-03-05;KC;19224;17518;64
2021-03-04;KC;19192;17470;63
2021-03-03;KC;19159;17426;63
2021-03-02;KC;19123;17374;63
2021-03-01;KC;19088;17325;63
2021-03-31;TY;15761;14907;197
2021-03-30;TY;15760;14898;197
2021-03-29;TY;15759;14891;197
2021-03-28;TY;15758;14885;197
2021-03-27;TY;15757;14871;197
2021-03-26;TY;15755;14859;197
2021-03-25;TY;15753;14850;197
2021-03-24;TY;15752;14838;197
2021-03-23;TY;15751;14827;197
2021-03-22;TY;15750;14815;194
2021-03-21;TY;15749;14800;194
2021-03-20;TY;15749;14783;194
2021-03-19;TY;15748;14763;194
2021-03-18;TY;15744;14747;194
2021-03-17;TY;15742;14735;194
2021-03-16;TY;15737;14721;194
2021-03-15;TY;15731;14711;194
2021-03-14;TY;15726;14707;194
2021-03-13;TY;15721;14698;194
2021-03-12;TY;15716;14683;194
2021-03-11;TY;15710;14670;194
2021-03-10;TY;15704;14655;193
2021-03-09;TY;15697;14644;193
2021-03-08;TY;15693;14637;193
2021-03-07;TY;15689;14632;193
2021-03-06;TY;15683;14623;193
2021-03-05;TY;15676;14611;193
2021-03-04;TY;15670;14598;193
2021-03-03;TY;15665;14587;193
2021-03-02;TY;15660;14577;193
2021-03-01;TY;15656;14565;193
2021-03-31;KOS;19657;16884;390
2021-03-30;KOS;19613;16849;388
2021-03-29;KOS;19571;16777;386
2021-03-28;KOS;19528;16767;386
2021-03-27;KOS;19483;16741;386
2021-03-26;KOS;19439;16719;385
2021-03-25;KOS;19394;16700;383
2021-03-24;KOS;19351;16670;380
2021-03-23;KOS;19307;16633;377
2021-03-22;KOS;19264;16563;375
2021-03-21;KOS;19219;16553;375
2021-03-20;KOS;19175;16535;375
2021-03-19;KOS;19133;16475;375
2021-03-18;KOS;19094;16414;375
2021-03-17;KOS;19057;16358;372
2021-03-16;KOS;19018;16323;372
2021-03-15;KOS;18978;16255;365
2021-03-14;KOS;18940;16244;365
2021-03-13;KOS;18903;16235;362
2021-03-12;KOS;18868;16157;359
2021-03-11;KOS;18849;16108;357
2021-03-10;KOS;18816;16033;357
2021-03-09;KOS;18775;15970;357
2021-03-08;KOS;18730;15958;357
2021-03-07;KOS;18688;15941;357
2021-03-06;KOS;18645;15932;357
2021-03-05;KOS;18605;15857;357
2021-03-04;KOS;18563;15762;357
2021-03-03;KOS;18522;15657;356
2021-03-02;KOS;18481;15588;355
2021-03-01;KOS;18438;15530;354
2021-03-31;KL;19952;19094;315
2021-03-30;KL;19927;19068;314
2021-03-29;KL;19906;19044;313
2021-03-28;KL;19883;19024;313
2021-03-27;KL;19859;19000;312
2021-03-26;KL;19837;18978;311
2021-03-25;KL;19811;18958;310
2021-03-24;KL;19780;18937;310
2021-03-23;KL;19754;18922;309
2021-03-22;KL;19729;18898;309
2021-03-21;KL;19702;18869;308
2021-03-20;KL;19674;18843;308
2021-03-19;KL;19647;18815;308
2021-03-18;KL;19618;18786;308
2021-03-17;KL;19587;18751;307
2021-03-16;KL;19557;18713;306
2021-03-15;KL;19532;18675;306
2021-03-14;KL;19503;18618;306
2021-03-13;KL;19471;18569;305
2021-03-12;KL;19436;18526;304
2021-03-11;KL;19357;18478;303
2021-03-10;KL;19325;18427;302
2021-03-09;KL;19299;18380;302
2021-03-08;KL;19272;18341;302
2021-03-07;KL;19244;18292;302
2021-03-06;KL;19214;18251;301
2021-03-05;KL;19182;18216;299
2021-03-04;KL;19147;18178;298
2021-03-03;KL;19111;18133;297
2021-03-02;KL;19074;18082;297
2021-03-01;KL;19039;18033;296
2021-03-31;GA;16655;16268;191
2021-03-30;GA;16650;16259;191
2021-03-29;GA;16644;16252;189
2021-03-28;GA;16639;16250;187
2021-03-27;GA;16631;16247;187
2021-03-26;GA;16619;16242;187
2021-03-25;GA;16602;16235;187
2021-03-24;GA;16583;16230;187
2021-03-23;GA;16564;16223;187
2021-03-22;GA;16558;16217;187
2021-03-21;GA;16546;16214;187
2021-03-20;GA;16533;16211;187
2021-03-19;GA;16513;16205;187
2021-03-18;GA;16499;16201;187
2021-03-17;GA;16485;16194;187
2021-03-16;GA;16469;16191;187
2021-03-15;GA;16467;16181;187
2021-03-14;GA;16448;16180;186
2021-03-13;GA;16426;16175;183
2021-03-12;GA;16399;16171;182
2021-03-11;GA;16379;16166;181
2021-03-10;GA;16364;16135;179
2021-03-09;GA;16360;16119;177
2021-03-08;GA;16359;16112;175
2021-03-07;GA;16350;16097;173
2021-03-06;GA;16327;16086;171
2021-03-05;GA;16299;16060;169
2021-03-04;GA;16276;16013;167
2021-03-03;GA;16254;15984;165
2021-03-02;GA;16226;15937;163
2021-03-01;GA;16221;15899;161
2021-03-31;MO;19052;17039;203
2021-03-30;MO;19014;16999;202
2021-03-29;MO;18977;16960;201
2021-03-28;MO;18940;16924;199
2021-03-27;MO;18904;16895;198
2021-03-26;MO;18868;16858;197
2021-03-25;MO;18831;16820;195
2021-03-24;MO;18794;16780;195
2021-03-23;MO;18756;16743;193
2021-03-22;MO;18719;16704;192
2021-03-21;MO;18681;16680;191
2021-03-20;MO;18645;16645;189
2021-03-19;MO;18609;16603;187
2021-03-18;MO;18571;16564;186
2021-03-17;MO;18532;16524;184
2021-03-16;MO;18493;16486;183
2021-03-15;MO;18456;16444;181
2021-03-14;MO;18418;16409;180
2021-03-13;MO;18380;16369;178
2021-03-12;MO;18340;16322;176
2021-03-11;MO;18300;16280;175
2021-03-10;MO;18262;16240;174
2021-03-09;MO;18223;16194;172
2021-03-08;MO;18183;16159;171
2021-03-07;MO;18142;16114;169
2021-03-06;MO;18101;16074;167
2021-03-05;MO;18059;16030;165
2021-03-04;MO;18017;15988;164
2021-03-03;MO;17973;15931;164
2021-03-02;MO;17928;15891;163
2021-03-01;MO;17882;15850;162
2021-03-31;TT;19420;16322;417
2021-03-30;TT;19385;16176;415
2021-03-29;TT;19348;16120;412
2021-03-28;TT;19310;16111;412
2021-03-27;TT;19272;16062;410
2021-03-26;TT;19235;16001;409
2021-03-25;TT;19195;15957;407
2021-03-24;TT;19153;15909;407
2021-03-23;TT;19109;15869;402
2021-03-22;TT;19066;15796;398
2021-03-21;TT;19021;15790;398
2021-03-20;TT;18975;15769;396
2021-03-19;TT;18927;15712;392
2021-03-18;TT;18879;15627;388
2021-03-17;TT;18830;15486;383
2021-03-16;TT;18782;15419;380
2021-03-15;TT;18733;15354;375
2021-03-14;TT;18686;15343;375
2021-03-13;TT;18636;15332;375
2021-03-12;TT;18584;15245;375
2021-03-11;TT;18534;15171;371
2021-03-10;TT;18485;15118;367
2021-03-09;TT;18435;15029;364
2021-03-08;TT;18384;15028;364
2021-03-07;TT;18334;15026;360
2021-03-06;TT;18284;14991;355
2021-03-05;TT;18235;14937;352
2021-03-04;TT;18184;14842;347
2021-03-03;TT;18131;14783;343
2021-03-02;TT;18082;14692;338
2021-03-01;TT;18029;14585;333
2021-03-31;IN;15120;13403;181
2021-03-30;IN;15111;13376;180
2021-03-29;IN;15103;13369;180
2021-03-28;IN;15091;13369;180
2021-03-27;IN;15081;13358;180
2021-03-26;IN;15068;13337;180
2021-03-25;IN;15059;13333;180
2021-03-24;IN;15047;13299;180
2021-03-23;IN;15037;13296;180
2021-03-22;IN;15028;13283;180
2021-03-21;IN;15018;13281;180
2021-03-20;IN;15007;13281;180
2021-03-19;IN;14994;13267;180
2021-03-18;IN;14982;13248;180
2021-03-17;IN;14968;13242;179
2021-03-16;IN;14957;13229;179
2021-03-15;IN;14948;13213;178
2021-03-14;IN;14936;13209;178
2021-03-13;IN;14926;13208;178
2021-03-12;IN;14914;13174;177
2021-03-11;IN;14900;13161;176
2021-03-10;IN;14883;13159;175
2021-03-09;IN;14869;13155;174
2021-03-08;IN;14857;13140;174
2021-03-07;IN;14844;13128;174
2021-03-06;IN;14829;13114;174
2021-03-05;IN;14818;13092;174
2021-03-04;IN;14805;13067;174
2021-03-03;IN;14793;13041;174
2021-03-02;IN;14772;12998;173
2021-03-01;IN;14757;12985;173
2021-03-31;SE;16339;15361;161
2021-03-30;SE;16322;15338;161
2021-03-29;SE;16306;15317;161
2021-03-28;SE;16290;15298;161
2021-03-27;SE;16273;15267;161
2021-03-26;SE;16256;15230;159
2021-03-25;SE;16241;15196;157
2021-03-24;SE;16226;15159;157
2021-03-23;SE;16210;15121;157
2021-03-22;SE;16194;15086;157
2021-03-21;SE;16176;15048;157
2021-03-20;SE;16158;15008;157
2021-03-19;SE;16141;14964;157
2021-03-18;SE;16124;14923;157
2021-03-17;SE;16106;14888;157
2021-03-16;SE;16088;14850;157
2021-03-15;SE;16068;14815;157
2021-03-14;SE;16048;14793;157
2021-03-13;SE;16027;14762;157
2021-03-12;SE;16006;14728;157
2021-03-11;SE;15986;14692;157
2021-03-10;SE;15964;14654;157
2021-03-09;SE;15941;14618;157
2021-03-08;SE;15916;14581;157
2021-03-07;SE;15890;14550;157
2021-03-06;SE;15864;14512;157
2021-03-05;SE;15837;14470;157
2021-03-04;SE;15812;14423;157
2021-03-03;SE;15787;14378;157
2021-03-02;SE;15760;14336;155
2021-03-01;SE;15733;14297;155
2021-03-31;KGN;19221;17492;352
2021-03-30;KGN;19180;17449;349
2021-03-29;KGN;19140;17408;347
2021-03-28;KGN;19099;17369;347
2021-03-27;KGN;19056;17317;347
2021-03-26;KGN;19014;17261;346
2021-03-25;KGN;18971;17210;346
2021-03-24;KGN;18929;17163;346
2021-03-23;KGN;18885;17119;346
2021-03-22;KGN;18840;17066;342
2021-03-21;KGN;18794;17011;342
2021-03-20;KGN;18745;16953;342
2021-03-19;KGN;18697;16889;342
2021-03-18;KGN;18650;16830;340
2021-03-17;KGN;18604;16779;340
2021-03-16;KGN;18557;16725;340
2021-03-15;KGN;18509;16678;340
2021-03-14;KGN;18460;16637;336
2021-03-13;KGN;18409;16585;331
2021-03-12;KGN;18359;16523;331
2021-03-11;KGN;18307;16465;326
2021-03-10;KGN;18253;16402;322
2021-03-09;KGN;18197;16342;322
2021-03-08;KGN;18139;16276;322
2021-03-07;KGN;18082;16214;322
2021-03-06;KGN;18024;16145;322
2021-03-05;KGN;17965;16070;319
2021-03-04;KGN;17905;15992;312
2021-03-03;KGN;17843;15915;307
2021-03-02;KGN;17778;15836;307
2021-03-01;KGN;17710;15759;305
2021-03-31;AD;14101;13365;163
2021-03-30;AD;14092;13304;162
2021-03-29;AD;14082;13234;162
2021-03-28;AD;14070;13182;162
2021-03-27;AD;14060;13106;162
2021-03-26;AD;14049;13034;160
2021-03-25;AD;14039;12962;160
2021-03-24;AD;14030;12899;160
2021-03-23;AD;14022;12836;159
2021-03-22;AD;14013;12822;159
2021-03-21;AD;14006;12805;159
2021-03-20;AD;13998;12790;159
2021-03-19;AD;13987;12776;158
2021-03-18;AD;13977;12720;158
2021-03-17;AD;13968;12686;157
2021-03-16;AD;13961;12627;157
2021-03-15;AD;13953;12596;156
2021-03-14;AD;13944;12569;156
2021-03-13;AD;13933;12537;156
2021-03-12;AD;13923;12512;156
2021-03-11;AD;13909;12485;155
2021-03-10;AD;13901;12454;155
2021-03-09;AD;13892;12420;154
2021-03-08;AD;13879;12380;154
2021-03-07;AD;13869;12360;154
2021-03-06;AD;13855;12341;154
2021-03-05;AD;13841;12321;153
2021-03-04;AD;13828;12297;152
2021-03-03;AD;13813;12270;151
2021-03-02;AD;13803;12249;151
2021-03-01;AD;13791;12221;149
2021-03-31;KAM;14120;13212;201
2021-03-30;KAM;14105;13183;195
2021-03-29;KAM;14091;13151;195
2021-03-28;KAM;14077;13123;195
2021-03-27;KAM;14062;13095;195
2021-03-26;KAM;14046;13068;195
2021-03-25;KAM;14031;13033;195
2021-03-24;KAM;14015;12999;195
2021-03-23;KAM;13998;12964;195
2021-03-22;KAM;13982;12928;193
2021-03-21;KAM;13967;12896;188
2021-03-20;KAM;13951;12869;185
2021-03-19;KAM;13934;12840;181
2021-03-18;KAM;13918;12809;176
2021-03-17;KAM;13902;12778;172
2021-03-16;KAM;13885;12746;169
2021-03-15;KAM;13867;12709;166
2021-03-14;KAM;13849;12671;161
2021-03-13;KAM;13830;12656;157
2021-03-12;KAM;13811;12638;152
2021-03-11;KAM;13791;12601;149
2021-03-10;KAM;13770;12563;143
2021-03-09;KAM;13749;12526;139
2021-03-08;KAM;13727;12489;136
2021-03-07;KAM;13705;12461;133
2021-03-06;KAM;13682;12427;130
2021-03-05;KAM;13658;12386;127
2021-03-04;KAM;13632;12346;123
2021-03-03;KAM;13606;12305;118
2021-03-02;KAM;13578;12261;118
2021-03-01;KAM;13548;12205;118
2021-03-31;ME;12542;11672;205
2021-03-30;ME;12521;11655;203
2021-03-29;ME;12500;11639;201
2021-03-28;ME;12479;11625;200
2021-03-27;ME;12458;11599;200
2021-03-26;ME;12435;11567;200
2021-03-25;ME;12412;11533;200
2021-03-24;ME;12389;11505;199
2021-03-23;ME;12366;11474;197
2021-03-22;ME;12342;11438;194
2021-03-21;ME;12319;11399;194
2021-03-20;ME;12296;11357;194
2021-03-19;ME;12273;11309;194
2021-03-18;ME;12249;11265;192
2021-03-17;ME;12224;11230;190
2021-03-16;ME;12198;11192;188
2021-03-15;ME;12173;11159;186
2021-03-14;ME;12148;11139;185
2021-03-13;ME;12123;11112;183
2021-03-12;ME;12097;11077;183
2021-03-11;ME;12072;11038;181
2021-03-10;ME;12047;10997;180
2021-03-09;ME;12021;10959;180
2021-03-08;ME;11997;10915;180
2021-03-07;ME;11972;10877;179
2021-03-06;ME;11948;10835;178
2021-03-05;ME;11922;10760;176
2021-03-04;ME;11897;10701;173
2021-03-03;ME;11871;10647;172
2021-03-02;ME;11845;10596;172
2021-03-01;ME;11820;10547;171
2021-03-31;CE;11657;11328;116
2021-03-30;CE;11645;11314;116
2021-03-29;CE;11632;11300;116
2021-03-28;CE;11622;11286;116
2021-03-27;CE;11611;11272;116
2021-03-26;CE;11599;11257;116
2021-03-25;CE;11588;11242;116
2021-03-24;CE;11575;11227;116
2021-03-23;CE;11565;11210;115
2021-03-22;CE;11553;11195;115
2021-03-21;CE;11543;11179;115
2021-03-20;CE;11532;11167;115
2021-03-19;CE;11520;11150;115
2021-03-18;CE;11509;11132;115
2021-03-17;CE;11496;11115;115
2021-03-16;CE;11482;11097;114
2021-03-15;CE;11469;11077;114
2021-03-14;CE;11459;11059;114
2021-03-13;CE;11448;11042;114
2021-03-12;CE;11438;11026;114
2021-03-11;CE;11427;11002;114
2021-03-10;CE;11413;10979;113
2021-03-09;CE;11400;10956;113
2021-03-08;CE;11389;10938;113
2021-03-07;CE;11377;10900;113
2021-03-06;CE;11367;10891;113
2021-03-05;CE;11356;10870;113
2021-03-04;CE;11343;10851;112
2021-03-03;CE;11331;10826;112
2021-03-02;CE;11320;10796;111
2021-03-01;CE;11310;10777;111
2021-03-31;MAG;8255;8035;99
2021-03-30;MAG;8253;8030;99
2021-03-29;MAG;8251;8025;99
2021-03-28;MAG;8250;8021;99
2021-03-27;MAG;8249;8016;99
2021-03-26;MAG;8247;8012;99
2021-03-25;MAG;8243;8008;99
2021-03-24;MAG;8239;8003;99
2021-03-23;MAG;8236;7998;99
2021-03-22;MAG;8234;7993;99
2021-03-21;MAG;8231;7988;99
2021-03-20;MAG;8228;7984;99
2021-03-19;MAG;8224;7979;99
2021-03-18;MAG;8220;7973;99
2021-03-17;MAG;8215;7967;98
2021-03-16;MAG;8211;7962;98
2021-03-15;MAG;8207;7955;98
2021-03-14;MAG;8201;7950;98
2021-03-13;MAG;8197;7944;98
2021-03-12;MAG;8194;7939;98
2021-03-11;MAG;8189;7932;98
2021-03-10;MAG;8184;7927;98
2021-03-09;MAG;8180;7921;97
2021-03-08;MAG;8175;7915;97
2021-03-07;MAG;8171;7907;97
2021-03-06;MAG;8166;7899;97
2021-03-05;MAG;8160;7892;97
2021-03-04;MAG;8154;7885;96
2021-03-03;MAG;8149;7875;96
2021-03-02;MAG;8146;7868;96
2021-03-01;MAG;8142;7859;95
2021-03-31;SEV;13228;12210;562
2021-03-30;SEV;13184;12192;561
2021-03-29;SEV;13138;12157;561
2021-03-28;SEV;13089;12131;560
2021-03-27;SEV;13048;12101;559
2021-03-26;SEV;13011;12063;558
2021-03-25;SEV;12977;12038;557
2021-03-24;SEV;12941;12005;555
2021-03-23;SEV;12905;11970;552
2021-03-22;SEV;12871;11949;549
2021-03-21;SEV;12838;11910;547
2021-03-20;SEV;12807;11896;546
2021-03-19;SEV;12775;11854;544
2021-03-18;SEV;12742;11838;542
2021-03-17;SEV;12708;11832;539
2021-03-16;SEV;12675;11748;537
2021-03-15;SEV;12641;11706;535
2021-03-14;SEV;12608;11674;533
2021-03-13;SEV;12572;11644;531
2021-03-12;SEV;12535;11620;529
2021-03-11;SEV;12498;11585;526
2021-03-10;SEV;12460;11546;523
2021-03-09;SEV;12417;11516;520
2021-03-08;SEV;12372;11478;518
2021-03-07;SEV;12325;11450;515
2021-03-06;SEV;12274;11401;512
2021-03-05;SEV;12226;11375;509
2021-03-04;SEV;12176;11351;506
2021-03-03;SEV;12121;11230;502
2021-03-02;SEV;12067;11132;499
2021-03-01;SEV;12010;11040;496
2021-03-31;YEV;4431;4230;125
2021-03-30;YEV;4427;4222;124
2021-03-29;YEV;4423;4220;124
2021-03-28;YEV;4420;4217;124
2021-03-27;YEV;4416;4214;124
2021-03-26;YEV;4414;4213;124
2021-03-25;YEV;4412;4211;124
2021-03-24;YEV;4409;4208;124
2021-03-23;YEV;4406;4204;124
2021-03-22;YEV;4403;4199;124
2021-03-21;YEV;4401;4197;124
2021-03-20;YEV;4398;4194;124
2021-03-19;YEV;4396;4188;124
2021-03-18;YEV;4394;4186;124
2021-03-17;YEV;4391;4182;123
2021-03-16;YEV;4388;4177;123
2021-03-15;YEV;4386;4174;122
2021-03-14;YEV;4384;4172;122
2021-03-13;YEV;4381;4170;122
2021-03-12;YEV;4379;4167;122
2021-03-11;YEV;4374;4164;122
2021-03-10;YEV;4369;4161;122
2021-03-09;YEV;4364;4159;119
2021-03-08;YEV;4358;4156;119
2021-03-07;YEV;4352;4153;119
2021-03-06;YEV;4347;4150;119
2021-03-05;YEV;4341;4147;119
2021-03-04;YEV;4336;4140;119
2021-03-03;YEV;4333;4130;119
2021-03-02;YEV;4330;4118;119
2021-03-01;YEV;4326;4114;119
2021-03-31;NEN;1082;1019;4
2021-03-30;NEN;1081;1018;4
2021-03-29;NEN;1078;1017;4
2021-03-28;NEN;1078;1014;4
2021-03-27;NEN;1078;1014;4
2021-03-26;NEN;1076;1012;4
2021-03-25;NEN;1075;1007;4
2021-03-24;NEN;1072;1004;4
2021-03-23;NEN;1071;999;4
2021-03-22;NEN;1070;995;4
2021-03-21;NEN;1070;995;4
2021-03-20;NEN;1068;992;4
2021-03-19;NEN;1067;992;4
2021-03-18;NEN;1066;987;4
2021-03-17;NEN;1062;983;4
2021-03-16;NEN;1061;980;4
2021-03-15;NEN;1060;973;3
2021-03-14;NEN;1060;969;3
2021-03-13;NEN;1057;969;3
2021-03-12;NEN;1053;968;3
2021-03-11;NEN;1048;958;3
2021-03-10;NEN;1046;957;3
2021-03-09;NEN;1046;953;3
2021-03-08;NEN;1045;952;3
2021-03-07;NEN;1045;951;3
2021-03-06;NEN;1042;951;3
2021-03-05;NEN;1036;945;3
2021-03-04;NEN;1028;936;3
2021-03-03;NEN;1024;933;3
2021-03-02;NEN;1023;928;3
2021-03-01;NEN;1023;927;3
2021-03-31;CHU;733;691;5
2021-03-30;CHU;729;691;5
2021-03-29;CHU;729;689;5
2021-03-28;CHU;728;689;5
2021-03-27;CHU;727;689;5
2021-03-26;CHU;725;686;5
2021-03-25;CHU;723;686;5
2021-03-24;CHU;722;682;5
2021-03-23;CHU;721;682;5
2021-03-22;CHU;720;680;5
2021-03-21;CHU;720;680;5
2021-03-20;CHU;719;680;5
2021-03-19;CHU;717;674;5
2021-03-18;CHU;714;673;5
2021-03-17;CHU;712;673;5
2021-03-16;CHU;709;673;5
2021-03-15;CHU;708;665;5
2021-03-14;CHU;708;665;5
2021-03-13;CHU;708;665;5
2021-03-12;CHU;706;665;5
2021-03-11;CHU;705;665;5
2021-03-10;CHU;703;665;5
2021-03-09;CHU;703;660;5
2021-03-08;CHU;703;660;5
2021-03-07;CHU;703;660;5
2021-03-06;CHU;700;660;5
2021-03-05;CHU;698;656;5
2021-03-04;CHU;696;652;5
2021-03-03;CHU;695;648;5
2021-03-02;CHU;695;648;5
2021-03-01;CHU;694;648;5
